device_id,date,time,temperature,RH,PM2.5,lat,lon
08BEAC245F3C,2025-07-23,00:01:43,28.3,100.0,1.0,24.6398775,121.8336131
08BEAC252CE2,2025-07-23,00:02:42,32.3,78.0,0.0,24.87157,120.999122
08BEAC252BA0,2025-07-23,00:04:18,29.0,100.0,1.0,24.6752335,121.0590723
08BEAC245F3C,2025-07-23,00:06:57,28.5,100.0,1.0,24.6398775,121.8336131
08BEAC252CE2,2025-07-23,00:07:56,31.6,75.0,0.0,24.87157,120.999122
08BEAC252BA0,2025-07-23,00:09:31,29.1,100.0,1.0,24.6752335,121.0590723
08BEAC245F3C,2025-07-23,00:12:10,28.6,100.0,0.0,24.6398775,121.8336131
08BEAC252CE2,2025-07-23,00:13:08,30.7,77.0,0.0,24.87157,120.999122
08BEAC252BA0,2025-07-23,00:14:44,29.2,100.0,1.0,24.6752335,121.0590723
08BEAC245F3C,2025-07-23,00:17:24,28.6,100.0,0.0,24.6398775,121.8336131
08BEAC252CE2,2025-07-23,00:18:20,30.2,79.0,0.0,24.87157,120.999122
08BEAC252BA0,2025-07-23,00:19:56,29.3,100.0,1.0,24.6752335,121.0590723
08BEAC245F3C,2025-07-23,00:22:39,28.7,100.0,0.0,24.6398775,121.8336131
08BEAC252CE2,2025-07-23,00:23:32,29.7,78.0,0.0,24.87157,120.999122
08BEAC252BA0,2025-07-23,00:25:09,29.5,100.0,1.0,24.6752335,121.0590723
08BEAC245F3C,2025-07-23,00:27:53,28.8,100.0,0.0,24.6398775,121.8336131
08BEAC252CE2,2025-07-23,00:28:46,29.5,81.0,0.0,24.87157,120.999122
08BEAC252BA0,2025-07-23,00:30:22,29.6,100.0,1.0,24.6752335,121.0590723
08BEAC245F3C,2025-07-23,00:33:07,29.0,100.0,0.0,24.6398775,121.8336131
08BEAC252CE2,2025-07-23,00:33:58,29.2,80.0,0.0,24.87157,120.999122
08BEAC252BA0,2025-07-23,00:35:36,29.6,100.0,1.0,24.6752335,121.0590723
08BEAC245F3C,2025-07-23,00:38:20,28.8,100.0,0.0,24.6398775,121.8336131
08BEAC252CE2,2025-07-23,00:39:12,29.1,80.0,0.0,24.87157,120.999122
08BEAC252BA0,2025-07-23,00:40:51,29.6,100.0,1.0,24.6752335,121.0590723
08BEAC245F3C,2025-07-23,00:43:34,28.8,100.0,1.0,24.6398775,121.8336131
08BEAC252CE2,2025-07-23,00:44:24,28.8,83.0,0.0,24.87157,120.999122
08BEAC252BA0,2025-07-23,00:46:04,29.7,100.0,1.0,24.6752335,121.0590723
08BEAC245F3C,2025-07-23,00:48:47,29.0,100.0,1.0,24.6398775,121.8336131
08BEAC252CE2,2025-07-23,00:49:47,28.8,85.0,0.0,24.87157,120.999122
08BEAC252BA0,2025-07-23,00:51:18,29.8,100.0,1.0,24.6752335,121.0590723
08BEAC245F3C,2025-07-23,00:53:59,29.0,100.0,1.0,24.6398775,121.8336131
08BEAC252CE2,2025-07-23,00:54:59,28.8,84.0,0.0,24.87157,120.999122
08BEAC252BA0,2025-07-23,00:56:31,30.0,100.0,1.0,24.6752335,121.0590723
08BEAC245F3C,2025-07-23,00:59:13,29.0,100.0,0.0,24.6398775,121.8336131
08BEAC252CE2,2025-07-23,01:00:13,28.7,84.0,0.0,24.87157,120.999122
08BEAC252BA0,2025-07-23,01:01:44,30.1,100.0,1.0,24.6752335,121.0590723
08BEAC245F3C,2025-07-23,01:04:25,29.1,100.0,0.0,24.6398775,121.8336131
08BEAC252CE2,2025-07-23,01:05:26,28.7,85.0,0.0,24.87157,120.999122
08BEAC252BA0,2025-07-23,01:06:57,30.1,100.0,1.0,24.6752335,121.0590723
08BEAC252CE2,2025-07-23,01:10:38,28.7,84.0,0.0,24.87157,120.999122
08BEAC252BA0,2025-07-23,01:12:09,30.2,100.0,1.0,24.6752335,121.0590723
08BEAC252CE2,2025-07-23,01:15:53,28.6,84.0,0.0,24.87157,120.999122
08BEAC252BA0,2025-07-23,01:17:21,30.3,100.0,1.0,24.6752335,121.0590723
08BEAC252CE2,2025-07-23,01:21:06,28.7,83.0,0.0,24.87157,120.999122
08BEAC245F3C,2025-07-23,01:21:11,29.3,100.0,0.0,24.6398775,121.8336131
08BEAC252BA0,2025-07-23,01:22:35,30.2,100.0,1.0,24.6752335,121.0590723
08BEAC252CE2,2025-07-23,01:26:18,28.6,83.0,0.0,24.87157,120.999122
08BEAC245F3C,2025-07-23,01:26:27,29.3,100.0,0.0,24.6398775,121.8336131
08BEAC252BA0,2025-07-23,01:27:48,30.2,100.0,1.0,24.6752335,121.0590723
08BEAC252CE2,2025-07-23,01:31:31,28.7,83.0,0.0,24.87157,120.999122
08BEAC245F3C,2025-07-23,01:31:39,29.3,100.0,0.0,24.6398775,121.8336131
08BEAC252BA0,2025-07-23,01:33:01,30.3,100.0,1.0,24.6752335,121.0590723
08BEAC252CE2,2025-07-23,01:36:44,28.6,82.0,0.0,24.87157,120.999122
08BEAC245F3C,2025-07-23,01:36:55,29.5,100.0,0.0,24.6398775,121.8336131
08BEAC252BA0,2025-07-23,01:38:14,30.5,100.0,1.0,24.6752335,121.0590723
08BEAC252CE2,2025-07-23,01:41:56,28.6,83.0,0.0,24.87157,120.999122
08BEAC245F3C,2025-07-23,01:42:09,29.5,100.0,0.0,24.6398775,121.8336131
08BEAC252BA0,2025-07-23,01:43:28,30.5,100.0,1.0,24.6752335,121.0590723
08BEAC252CE2,2025-07-23,01:47:09,28.6,84.0,0.0,24.87157,120.999122
08BEAC245F3C,2025-07-23,01:47:21,29.6,100.0,0.0,24.6398775,121.8336131
08BEAC252BA0,2025-07-23,01:48:41,30.7,100.0,1.0,24.6752335,121.0590723
08BEAC252CE2,2025-07-23,01:52:22,28.6,83.0,0.0,24.87157,120.999122
08BEAC245F3C,2025-07-23,01:52:35,29.6,100.0,0.0,24.6398775,121.8336131
08BEAC252BA0,2025-07-23,01:53:54,30.7,100.0,1.0,24.6752335,121.0590723
08BEAC252CE2,2025-07-23,01:57:36,28.5,83.0,0.0,24.87157,120.999122
08BEAC245F3C,2025-07-23,01:57:48,29.7,100.0,0.0,24.6398775,121.8336131
08BEAC252BA0,2025-07-23,01:59:07,30.8,100.0,1.0,24.6752335,121.0590723
08BEAC252CE2,2025-07-23,02:02:47,28.5,82.0,0.0,24.87157,120.999122
08BEAC245F3C,2025-07-23,02:03:04,29.7,100.0,0.0,24.6398775,121.8336131
08BEAC252BA0,2025-07-23,02:04:20,31.0,100.0,1.0,24.6752335,121.0590723
08BEAC252CE2,2025-07-23,02:07:59,28.5,82.0,0.0,24.87157,120.999122
08BEAC245F3C,2025-07-23,02:08:18,29.8,100.0,0.0,24.6398775,121.8336131
08BEAC252BA0,2025-07-23,02:09:33,31.1,100.0,1.0,24.6752335,121.0590723
08BEAC252CE2,2025-07-23,02:13:12,28.5,83.0,0.0,24.87157,120.999122
08BEAC245F3C,2025-07-23,02:13:30,29.8,100.0,0.0,24.6398775,121.8336131
08BEAC252BA0,2025-07-23,02:14:47,31.2,100.0,1.0,24.6752335,121.0590723
08BEAC252CE2,2025-07-23,02:18:25,28.5,83.0,0.0,24.87157,120.999122
08BEAC245F3C,2025-07-23,02:18:44,30.0,100.0,0.0,24.6398775,121.8336131
08BEAC252BA0,2025-07-23,02:19:59,31.3,100.0,1.0,24.6752335,121.0590723
08BEAC252CE2,2025-07-23,02:23:39,28.5,83.0,0.0,24.87157,120.999122
08BEAC245F3C,2025-07-23,02:23:57,30.0,100.0,0.0,24.6398775,121.8336131
08BEAC252BA0,2025-07-23,02:25:12,31.3,100.0,1.0,24.6752335,121.0590723
08BEAC252CE2,2025-07-23,02:28:51,28.5,83.0,0.0,24.87157,120.999122
08BEAC245F3C,2025-07-23,02:29:10,30.0,100.0,0.0,24.6398775,121.8336131
08BEAC252BA0,2025-07-23,02:30:23,31.5,100.0,1.0,24.6752335,121.0590723
08BEAC252CE2,2025-07-23,02:34:06,28.5,80.0,0.0,24.87157,120.999122
08BEAC245F3C,2025-07-23,02:34:22,30.0,100.0,0.0,24.6398775,121.8336131
08BEAC252BA0,2025-07-23,02:35:37,31.5,100.0,1.0,24.6752335,121.0590723
08BEAC252CE2,2025-07-23,02:39:21,28.5,81.0,0.0,24.87157,120.999122
08BEAC245F3C,2025-07-23,02:39:35,30.0,100.0,0.0,24.6398775,121.8336131
08BEAC252BA0,2025-07-23,02:40:50,31.5,100.0,1.0,24.6752335,121.0590723
08BEAC252CE2,2025-07-23,02:44:34,28.6,78.0,0.0,24.87157,120.999122
08BEAC245F3C,2025-07-23,02:44:48,30.0,100.0,0.0,24.6398775,121.8336131
08BEAC252BA0,2025-07-23,02:46:03,31.6,100.0,1.0,24.6752335,121.0590723
08BEAC252CE2,2025-07-23,02:49:46,28.5,78.0,0.0,24.87157,120.999122
08BEAC245F3C,2025-07-23,02:50:03,30.1,100.0,0.0,24.6398775,121.8336131
08BEAC252BA0,2025-07-23,02:51:15,31.7,100.0,1.0,24.6752335,121.0590723
08BEAC252CE2,2025-07-23,02:55:00,28.3,80.0,0.0,24.87157,120.999122
08BEAC245F3C,2025-07-23,02:55:16,30.1,100.0,0.0,24.6398775,121.8336131
08BEAC252BA0,2025-07-23,02:56:27,31.7,100.0,1.0,24.6752335,121.0590723
08BEAC252CE2,2025-07-23,03:00:13,28.3,80.0,0.0,24.87157,120.999122
08BEAC245F3C,2025-07-23,03:00:31,30.1,100.0,0.0,24.6398775,121.8336131
08BEAC252BA0,2025-07-23,03:01:41,31.8,100.0,1.0,24.6752335,121.0590723
08BEAC252CE2,2025-07-23,03:05:26,28.3,81.0,0.0,24.87157,120.999122
08BEAC245F3C,2025-07-23,03:05:43,30.1,100.0,0.0,24.6398775,121.8336131
08BEAC252BA0,2025-07-23,03:06:54,31.8,100.0,1.0,24.6752335,121.0590723
08BEAC252CE2,2025-07-23,03:10:42,28.3,81.0,0.0,24.87157,120.999122
08BEAC245F3C,2025-07-23,03:10:55,30.1,100.0,0.0,24.6398775,121.8336131
08BEAC252BA0,2025-07-23,03:12:07,31.8,100.0,1.0,24.6752335,121.0590723
08BEAC252CE2,2025-07-23,03:15:55,28.3,81.0,0.0,24.87157,120.999122
08BEAC245F3C,2025-07-23,03:16:07,30.1,100.0,0.0,24.6398775,121.8336131
08BEAC252BA0,2025-07-23,03:17:21,32.0,100.0,1.0,24.6752335,121.0590723
08BEAC252CE2,2025-07-23,03:21:08,28.3,82.0,0.0,24.87157,120.999122
08BEAC245F3C,2025-07-23,03:21:22,30.1,100.0,1.0,24.6398775,121.8336131
08BEAC252BA0,2025-07-23,03:22:34,32.1,100.0,1.0,24.6752335,121.0590723
08BEAC252CE2,2025-07-23,03:26:22,28.3,79.0,0.0,24.87157,120.999122
08BEAC245F3C,2025-07-23,03:26:35,30.1,100.0,0.0,24.6398775,121.8336131
08BEAC252BA0,2025-07-23,03:27:49,32.2,100.0,1.0,24.6752335,121.0590723
08BEAC252CE2,2025-07-23,03:31:34,28.3,82.0,0.0,24.87157,120.999122
08BEAC245F3C,2025-07-23,03:31:48,30.2,100.0,0.0,24.6398775,121.8336131
08BEAC252BA0,2025-07-23,03:33:03,32.2,100.0,1.0,24.6752335,121.0590723
08BEAC252CE2,2025-07-23,03:36:48,28.3,81.0,0.0,24.87157,120.999122
08BEAC245F3C,2025-07-23,03:37:01,30.2,100.0,1.0,24.6398775,121.8336131
08BEAC252BA0,2025-07-23,03:38:16,32.3,100.0,1.0,24.6752335,121.0590723
08BEAC252CE2,2025-07-23,03:42:00,28.3,79.0,0.0,24.87157,120.999122
08BEAC245F3C,2025-07-23,03:42:15,30.2,100.0,1.0,24.6398775,121.8336131
08BEAC252BA0,2025-07-23,03:43:29,32.5,100.0,0.0,24.6752335,121.0590723
08BEAC252CE2,2025-07-23,03:47:14,28.3,82.0,0.0,24.87157,120.999122
08BEAC245F3C,2025-07-23,03:47:27,30.2,100.0,1.0,24.6398775,121.8336131
08BEAC252BA0,2025-07-23,03:48:41,32.6,100.0,0.0,24.6752335,121.0590723
08BEAC252CE2,2025-07-23,03:52:27,28.3,81.0,0.0,24.87157,120.999122
08BEAC245F3C,2025-07-23,03:52:40,30.2,100.0,1.0,24.6398775,121.8336131
08BEAC252BA0,2025-07-23,03:53:52,32.6,100.0,0.0,24.6752335,121.0590723
08BEAC252CE2,2025-07-23,03:57:41,28.6,80.0,0.0,24.87157,120.999122
08BEAC245F3C,2025-07-23,03:57:55,30.3,100.0,1.0,24.6398775,121.8336131
08BEAC252BA0,2025-07-23,03:59:05,32.6,100.0,0.0,24.6752335,121.0590723
08BEAC252CE2,2025-07-23,04:02:53,28.3,82.0,0.0,24.87157,120.999122
08BEAC245F3C,2025-07-23,04:03:07,30.3,100.0,1.0,24.6398775,121.8336131
08BEAC252BA0,2025-07-23,04:04:17,32.8,100.0,0.0,24.6752335,121.0590723
08BEAC252CE2,2025-07-23,04:08:06,28.5,79.0,0.0,24.87157,120.999122
08BEAC245F3C,2025-07-23,04:08:22,30.3,100.0,1.0,24.6398775,121.8336131
08BEAC252BA0,2025-07-23,04:09:30,32.8,100.0,0.0,24.6752335,121.0590723
08BEAC252CE2,2025-07-23,04:13:18,28.3,79.0,0.0,24.87157,120.999122
08BEAC245F3C,2025-07-23,04:13:34,30.3,100.0,1.0,24.6398775,121.8336131
08BEAC252BA0,2025-07-23,04:14:44,33.0,100.0,0.0,24.6752335,121.0590723
08BEAC252CE2,2025-07-23,04:18:30,28.3,80.0,0.0,24.87157,120.999122
08BEAC245F3C,2025-07-23,04:18:48,30.3,100.0,1.0,24.6398775,121.8336131
08BEAC252BA0,2025-07-23,04:19:59,33.1,100.0,0.0,24.6752335,121.0590723
08BEAC252CE2,2025-07-23,04:23:42,28.2,81.0,0.0,24.87157,120.999122
08BEAC245F3C,2025-07-23,04:24:03,30.5,100.0,1.0,24.6398775,121.8336131
08BEAC252BA0,2025-07-23,04:25:10,32.8,100.0,1.0,24.6752335,121.0590723
08BEAC252CE2,2025-07-23,04:28:55,28.3,82.0,0.0,24.87157,120.999122
08BEAC245F3C,2025-07-23,04:29:17,30.5,100.0,1.0,24.6398775,121.8336131
08BEAC252BA0,2025-07-23,04:30:22,32.8,100.0,0.0,24.6752335,121.0590723
08BEAC252CE2,2025-07-23,04:34:08,28.2,82.0,0.0,24.87157,120.999122
08BEAC245F3C,2025-07-23,04:34:31,30.5,100.0,1.0,24.6398775,121.8336131
08BEAC252BA0,2025-07-23,04:35:35,33.0,100.0,1.0,24.6752335,121.0590723
08BEAC252CE2,2025-07-23,04:39:20,28.3,81.0,0.0,24.87157,120.999122
08BEAC245F3C,2025-07-23,04:39:45,30.5,100.0,1.0,24.6398775,121.8336131
08BEAC252BA0,2025-07-23,04:40:48,33.0,100.0,1.0,24.6752335,121.0590723
08BEAC252CE2,2025-07-23,04:44:36,28.3,81.0,0.0,24.87157,120.999122
08BEAC245F3C,2025-07-23,04:44:59,30.5,100.0,1.0,24.6398775,121.8336131
08BEAC252BA0,2025-07-23,04:46:01,33.0,100.0,1.0,24.6752335,121.0590723
08BEAC252CE2,2025-07-23,04:49:57,28.3,81.0,0.0,24.87157,120.999122
08BEAC245F3C,2025-07-23,04:50:12,30.5,100.0,2.0,24.6398775,121.8336131
08BEAC252BA0,2025-07-23,04:51:14,33.1,100.0,1.0,24.6752335,121.0590723
08BEAC252CE2,2025-07-23,04:55:11,28.3,81.0,0.0,24.87157,120.999122
08BEAC245F3C,2025-07-23,04:55:25,30.5,100.0,1.0,24.6398775,121.8336131
08BEAC252BA0,2025-07-23,04:56:27,33.2,100.0,1.0,24.6752335,121.0590723
08BEAC252CE2,2025-07-23,05:00:25,28.5,80.0,0.0,24.87157,120.999122
08BEAC245F3C,2025-07-23,05:00:38,30.5,100.0,2.0,24.6398775,121.8336131
08BEAC252BA0,2025-07-23,05:01:41,33.2,100.0,1.0,24.6752335,121.0590723
08BEAC252CE2,2025-07-23,05:05:38,28.3,81.0,1.0,24.87157,120.999122
08BEAC245F3C,2025-07-23,05:05:52,30.5,100.0,1.0,24.6398775,121.8336131
08BEAC252BA0,2025-07-23,05:06:53,33.2,100.0,1.0,24.6752335,121.0590723
08BEAC252CE2,2025-07-23,05:10:50,28.5,83.0,1.0,24.87157,120.999122
08BEAC245F3C,2025-07-23,05:11:05,30.5,100.0,2.0,24.6398775,121.8336131
08BEAC252BA0,2025-07-23,05:12:06,33.3,100.0,1.0,24.6752335,121.0590723
08BEAC252CE2,2025-07-23,05:16:04,28.5,81.0,0.0,24.87157,120.999122
08BEAC245F3C,2025-07-23,05:16:18,30.6,100.0,2.0,24.6398775,121.8336131
08BEAC252BA0,2025-07-23,05:17:20,33.3,100.0,1.0,24.6752335,121.0590723
08BEAC252CE2,2025-07-23,05:21:17,28.5,80.0,0.0,24.87157,120.999122
08BEAC245F3C,2025-07-23,05:21:32,30.6,100.0,1.0,24.6398775,121.8336131
08BEAC252BA0,2025-07-23,05:22:34,33.5,100.0,2.0,24.6752335,121.0590723
08BEAC252CE2,2025-07-23,05:26:31,28.7,78.0,0.0,24.87157,120.999122
08BEAC245F3C,2025-07-23,05:26:45,30.6,100.0,1.0,24.6398775,121.8336131
08BEAC252BA0,2025-07-23,05:27:47,33.5,100.0,2.0,24.6752335,121.0590723
08BEAC252CE2,2025-07-23,05:31:45,28.5,79.0,0.0,24.87157,120.999122
08BEAC245F3C,2025-07-23,05:31:57,30.7,100.0,1.0,24.6398775,121.8336131
08BEAC252BA0,2025-07-23,05:33:00,33.5,100.0,2.0,24.6752335,121.0590723
08BEAC252CE2,2025-07-23,05:37:00,28.3,81.0,0.0,24.87157,120.999122
08BEAC245F3C,2025-07-23,05:37:09,30.7,100.0,1.0,24.6398775,121.8336131
08BEAC252BA0,2025-07-23,05:38:13,33.5,100.0,2.0,24.6752335,121.0590723
08BEAC252CE2,2025-07-23,05:42:12,28.3,81.0,0.0,24.87157,120.999122
08BEAC245F3C,2025-07-23,05:42:22,30.6,100.0,1.0,24.6398775,121.8336131
08BEAC252BA0,2025-07-23,05:43:27,33.6,100.0,1.0,24.6752335,121.0590723
08BEAC252CE2,2025-07-23,05:47:24,28.3,79.0,0.0,24.87157,120.999122
08BEAC245F3C,2025-07-23,05:47:36,30.6,100.0,2.0,24.6398775,121.8336131
08BEAC252BA0,2025-07-23,05:48:40,33.6,100.0,2.0,24.6752335,121.0590723
08BEAC252CE2,2025-07-23,05:52:36,28.2,80.0,0.0,24.87157,120.999122
08BEAC245F3C,2025-07-23,05:52:49,30.6,100.0,1.0,24.6398775,121.8336131
08BEAC252BA0,2025-07-23,05:53:56,33.6,100.0,1.0,24.6752335,121.0590723
08BEAC252CE2,2025-07-23,05:57:48,28.3,80.0,0.0,24.87157,120.999122
08BEAC245F3C,2025-07-23,05:58:01,30.6,100.0,1.0,24.6398775,121.8336131
08BEAC252BA0,2025-07-23,05:59:10,33.7,100.0,2.0,24.6752335,121.0590723
08BEAC252CE2,2025-07-23,06:03:03,28.3,79.0,0.0,24.87157,120.999122
08BEAC245F3C,2025-07-23,06:03:14,30.6,100.0,1.0,24.6398775,121.8336131
08BEAC252BA0,2025-07-23,06:04:23,33.7,100.0,1.0,24.6752335,121.0590723
08BEAC252CE2,2025-07-23,06:08:17,28.3,81.0,0.0,24.87157,120.999122
08BEAC245F3C,2025-07-23,06:08:28,30.6,100.0,1.0,24.6398775,121.8336131
08BEAC252BA0,2025-07-23,06:09:38,33.7,100.0,2.0,24.6752335,121.0590723
08BEAC252CE2,2025-07-23,06:13:29,28.3,80.0,0.0,24.87157,120.999122
08BEAC245F3C,2025-07-23,06:13:41,30.5,100.0,2.0,24.6398775,121.8336131
08BEAC252BA0,2025-07-23,06:14:54,33.7,100.0,1.0,24.6752335,121.0590723
08BEAC252CE2,2025-07-23,06:18:42,28.3,80.0,0.0,24.87157,120.999122
08BEAC245F3C,2025-07-23,06:18:53,30.5,100.0,1.0,24.6398775,121.8336131
08BEAC252BA0,2025-07-23,06:20:06,33.8,100.0,1.0,24.6752335,121.0590723
08BEAC252CE2,2025-07-23,06:23:54,28.3,80.0,0.0,24.87157,120.999122
08BEAC245F3C,2025-07-23,06:24:06,30.5,100.0,1.0,24.6398775,121.8336131
08BEAC252BA0,2025-07-23,06:25:20,33.8,100.0,1.0,24.6752335,121.0590723
08BEAC252CE2,2025-07-23,06:29:07,28.3,79.0,0.0,24.87157,120.999122
08BEAC245F3C,2025-07-23,06:29:19,30.5,100.0,1.0,24.6398775,121.8336131
08BEAC252BA0,2025-07-23,06:30:33,34.0,100.0,1.0,24.6752335,121.0590723
08BEAC252CE2,2025-07-23,06:34:20,28.3,78.0,0.0,24.87157,120.999122
08BEAC245F3C,2025-07-23,06:34:33,30.6,100.0,1.0,24.6398775,121.8336131
08BEAC252BA0,2025-07-23,06:35:47,34.0,100.0,1.0,24.6752335,121.0590723
08BEAC252CE2,2025-07-23,06:39:32,28.3,80.0,0.0,24.87157,120.999122
08BEAC245F3C,2025-07-23,06:39:46,30.6,100.0,1.0,24.6398775,121.8336131
08BEAC252BA0,2025-07-23,06:41:01,34.0,100.0,1.0,24.6752335,121.0590723
08BEAC252CE2,2025-07-23,06:44:45,28.5,78.0,0.0,24.87157,120.999122
08BEAC245F3C,2025-07-23,06:45:00,30.6,100.0,2.0,24.6398775,121.8336131
08BEAC252BA0,2025-07-23,06:46:17,34.1,100.0,2.0,24.6752335,121.0590723
08BEAC252CE2,2025-07-23,06:50:06,28.3,79.0,0.0,24.87157,120.999122
08BEAC245F3C,2025-07-23,06:50:12,30.6,100.0,2.0,24.6398775,121.8336131
08BEAC252BA0,2025-07-23,06:51:28,34.0,100.0,2.0,24.6752335,121.0590723
08BEAC252CE2,2025-07-23,06:55:20,28.5,81.0,0.0,24.87157,120.999122
08BEAC245F3C,2025-07-23,06:55:26,30.6,100.0,1.0,24.6398775,121.8336131
08BEAC252BA0,2025-07-23,06:56:41,34.0,100.0,2.0,24.6752335,121.0590723
08BEAC252CE2,2025-07-23,07:00:34,28.5,80.0,0.0,24.87157,120.999122
08BEAC245F3C,2025-07-23,07:00:39,30.6,100.0,1.0,24.6398775,121.8336131
08BEAC252BA0,2025-07-23,07:01:54,34.0,100.0,2.0,24.6752335,121.0590723
08BEAC252CE2,2025-07-23,07:05:48,28.5,78.0,0.0,24.87157,120.999122
08BEAC245F3C,2025-07-23,07:05:53,30.6,100.0,1.0,24.6398775,121.8336131
08BEAC252BA0,2025-07-23,07:07:09,34.1,100.0,1.0,24.6752335,121.0590723
08BEAC252CE2,2025-07-23,07:11:02,28.3,80.0,0.0,24.87157,120.999122
08BEAC245F3C,2025-07-23,07:11:06,30.6,100.0,1.0,24.6398775,121.8336131
08BEAC252BA0,2025-07-23,07:12:22,34.1,100.0,2.0,24.6752335,121.0590723
08BEAC252CE2,2025-07-23,07:16:14,28.3,82.0,0.0,24.87157,120.999122
08BEAC245F3C,2025-07-23,07:16:19,30.6,100.0,1.0,24.6398775,121.8336131
08BEAC252BA0,2025-07-23,07:17:34,34.1,100.0,1.0,24.6752335,121.0590723
08BEAC252CE2,2025-07-23,07:21:26,28.3,81.0,0.0,24.87157,120.999122
08BEAC245F3C,2025-07-23,07:21:32,30.7,100.0,1.0,24.6398775,121.8336131
08BEAC252BA0,2025-07-23,07:22:48,34.1,100.0,2.0,24.6752335,121.0590723
08BEAC252CE2,2025-07-23,07:26:40,28.3,80.0,0.0,24.87157,120.999122
08BEAC245F3C,2025-07-23,07:26:45,30.7,100.0,1.0,24.6398775,121.8336131
08BEAC252BA0,2025-07-23,07:28:02,34.0,100.0,2.0,24.6752335,121.0590723
08BEAC252CE2,2025-07-23,07:31:53,28.3,82.0,0.0,24.87157,120.999122
08BEAC245F3C,2025-07-23,07:31:57,30.7,100.0,2.0,24.6398775,121.8336131
08BEAC252BA0,2025-07-23,07:33:15,34.0,100.0,1.0,24.6752335,121.0590723
08BEAC252CE2,2025-07-23,07:37:08,28.3,82.0,0.0,24.87157,120.999122
08BEAC245F3C,2025-07-23,07:37:10,30.7,100.0,1.0,24.6398775,121.8336131
08BEAC252BA0,2025-07-23,07:38:28,34.0,100.0,1.0,24.6752335,121.0590723
08BEAC252CE2,2025-07-23,07:42:21,28.3,81.0,0.0,24.87157,120.999122
08BEAC245F3C,2025-07-23,07:42:23,30.7,100.0,1.0,24.6398775,121.8336131
08BEAC252BA0,2025-07-23,07:43:41,34.0,100.0,1.0,24.6752335,121.0590723
08BEAC252CE2,2025-07-23,07:47:33,28.5,83.0,0.0,24.87157,120.999122
08BEAC245F3C,2025-07-23,07:47:36,30.7,100.0,1.0,24.6398775,121.8336131
08BEAC252BA0,2025-07-23,07:48:54,34.0,100.0,1.0,24.6752335,121.0590723
08BEAC252CE2,2025-07-23,07:52:46,28.6,85.0,0.0,24.87157,120.999122
08BEAC245F3C,2025-07-23,07:52:51,30.7,100.0,1.0,24.6398775,121.8336131
08BEAC252BA0,2025-07-23,07:54:07,34.0,100.0,0.0,24.6752335,121.0590723
08BEAC252CE2,2025-07-23,07:58:00,29.1,87.0,0.0,24.87157,120.999122
08BEAC245F3C,2025-07-23,07:58:03,30.7,100.0,1.0,24.6398775,121.8336131
08BEAC252BA0,2025-07-23,07:59:19,34.1,100.0,0.0,24.6752335,121.0590723
08BEAC252CE2,2025-07-23,08:03:14,29.7,89.0,0.0,24.87157,120.999122
08BEAC245F3C,2025-07-23,08:03:16,30.8,100.0,1.0,24.6398775,121.8336131
08BEAC252BA0,2025-07-23,08:04:32,34.1,100.0,0.0,24.6752335,121.0590723
08BEAC252CE2,2025-07-23,08:08:28,30.3,89.0,0.0,24.87157,120.999122
08BEAC245F3C,2025-07-23,08:08:30,30.7,100.0,1.0,24.6398775,121.8336131
08BEAC252BA0,2025-07-23,08:09:45,34.1,100.0,0.0,24.6752335,121.0590723
08BEAC252CE2,2025-07-23,08:13:41,30.8,88.0,0.0,24.87157,120.999122
08BEAC245F3C,2025-07-23,08:13:44,30.7,100.0,1.0,24.6398775,121.8336131
08BEAC252BA0,2025-07-23,08:14:59,34.1,100.0,0.0,24.6752335,121.0590723
08BEAC252CE2,2025-07-23,08:18:55,31.3,87.0,1.0,24.87157,120.999122
08BEAC245F3C,2025-07-23,08:18:58,30.8,100.0,1.0,24.6398775,121.8336131
08BEAC252BA0,2025-07-23,08:20:11,34.1,100.0,0.0,24.6752335,121.0590723
08BEAC252CE2,2025-07-23,08:24:08,31.7,87.0,0.0,24.87157,120.999122
08BEAC245F3C,2025-07-23,08:24:12,30.7,100.0,1.0,24.6398775,121.8336131
08BEAC252BA0,2025-07-23,08:25:24,34.1,100.0,0.0,24.6752335,121.0590723
08BEAC252CE2,2025-07-23,08:29:22,32.0,87.0,0.0,24.87157,120.999122
08BEAC245F3C,2025-07-23,08:29:27,30.7,100.0,1.0,24.6398775,121.8336131
08BEAC252BA0,2025-07-23,08:30:36,34.1,100.0,0.0,24.6752335,121.0590723
08BEAC245F3C,2025-07-23,08:34:40,30.7,100.0,1.0,24.6398775,121.8336131
08BEAC252BA0,2025-07-23,08:35:48,34.1,100.0,0.0,24.6752335,121.0590723
08BEAC245F3C,2025-07-23,08:39:53,30.6,100.0,1.0,24.6398775,121.8336131
08BEAC252CE2,2025-07-23,08:40:13,32.3,86.0,0.0,24.87157,120.999122
08BEAC252BA0,2025-07-23,08:41:00,34.0,100.0,0.0,24.6752335,121.0590723
08BEAC245F3C,2025-07-23,08:45:07,30.6,100.0,1.0,24.6398775,121.8336131
08BEAC252CE2,2025-07-23,08:45:27,32.6,86.0,0.0,24.87157,120.999122
08BEAC252BA0,2025-07-23,08:46:13,34.0,100.0,0.0,24.6752335,121.0590723
08BEAC245F3C,2025-07-23,08:50:20,30.6,100.0,1.0,24.6398775,121.8336131
08BEAC252CE2,2025-07-23,08:50:42,32.7,86.0,1.0,24.87157,120.999122
08BEAC252BA0,2025-07-23,08:51:27,33.8,100.0,0.0,24.6752335,121.0590723
08BEAC245F3C,2025-07-23,08:55:33,30.5,100.0,1.0,24.6398775,121.8336131
08BEAC252CE2,2025-07-23,08:55:59,33.0,85.0,1.0,24.87157,120.999122
08BEAC252BA0,2025-07-23,08:56:39,33.7,100.0,0.0,24.6752335,121.0590723
08BEAC245F3C,2025-07-23,09:00:46,30.5,100.0,1.0,24.6398775,121.8336131
08BEAC252CE2,2025-07-23,09:01:14,33.2,84.0,0.0,24.87157,120.999122
08BEAC252BA0,2025-07-23,09:01:51,33.6,100.0,0.0,24.6752335,121.0590723
08BEAC245F3C,2025-07-23,09:05:59,30.5,100.0,2.0,24.6398775,121.8336131
08BEAC252CE2,2025-07-23,09:06:27,33.5,84.0,0.0,24.87157,120.999122
08BEAC252BA0,2025-07-23,09:07:05,33.6,100.0,0.0,24.6752335,121.0590723
08BEAC245F3C,2025-07-23,09:11:12,30.5,100.0,1.0,24.6398775,121.8336131
08BEAC252CE2,2025-07-23,09:11:40,33.6,84.0,0.0,24.87157,120.999122
08BEAC252BA0,2025-07-23,09:12:19,33.5,100.0,0.0,24.6752335,121.0590723
08BEAC245F3C,2025-07-23,09:16:25,30.5,100.0,2.0,24.6398775,121.8336131
08BEAC252CE2,2025-07-23,09:16:53,33.7,83.0,1.0,24.87157,120.999122
08BEAC252BA0,2025-07-23,09:17:33,33.3,100.0,0.0,24.6752335,121.0590723
08BEAC245F3C,2025-07-23,09:21:40,30.3,100.0,1.0,24.6398775,121.8336131
08BEAC252CE2,2025-07-23,09:22:07,33.8,83.0,1.0,24.87157,120.999122
08BEAC252BA0,2025-07-23,09:22:45,33.2,100.0,0.0,24.6752335,121.0590723
08BEAC245F3C,2025-07-23,09:26:52,30.2,100.0,2.0,24.6398775,121.8336131
08BEAC252CE2,2025-07-23,09:27:19,34.0,83.0,1.0,24.87157,120.999122
08BEAC252BA0,2025-07-23,09:28:01,33.1,100.0,0.0,24.6752335,121.0590723
08BEAC245F3C,2025-07-23,09:32:05,30.2,100.0,2.0,24.6398775,121.8336131
08BEAC252BA0,2025-07-23,09:33:13,33.1,100.0,0.0,24.6752335,121.0590723
08BEAC245F3C,2025-07-23,09:37:17,30.2,100.0,2.0,24.6398775,121.8336131
08BEAC252CE2,2025-07-23,09:37:43,34.0,82.0,0.0,24.87157,120.999122
08BEAC252BA0,2025-07-23,09:38:25,33.0,100.0,0.0,24.6752335,121.0590723
08BEAC245F3C,2025-07-23,09:42:31,30.2,100.0,2.0,24.6398775,121.8336131
08BEAC252CE2,2025-07-23,09:42:58,34.0,82.0,0.0,24.87157,120.999122
08BEAC252BA0,2025-07-23,09:43:38,32.8,100.0,0.0,24.6752335,121.0590723
08BEAC245F3C,2025-07-23,09:47:43,30.2,100.0,2.0,24.6398775,121.8336131
08BEAC252CE2,2025-07-23,09:48:23,34.0,82.0,1.0,24.87157,120.999122
08BEAC252BA0,2025-07-23,09:48:52,32.7,100.0,0.0,24.6752335,121.0590723
08BEAC245F3C,2025-07-23,09:52:56,30.1,100.0,1.0,24.6398775,121.8336131
08BEAC252CE2,2025-07-23,09:53:35,34.0,82.0,1.0,24.87157,120.999122
08BEAC252BA0,2025-07-23,09:54:05,32.7,100.0,0.0,24.6752335,121.0590723
08BEAC245F3C,2025-07-23,09:58:08,30.1,100.0,1.0,24.6398775,121.8336131
08BEAC252CE2,2025-07-23,09:58:51,34.1,82.0,1.0,24.87157,120.999122
08BEAC252BA0,2025-07-23,09:59:18,32.6,100.0,0.0,24.6752335,121.0590723
08BEAC245F3C,2025-07-23,10:03:20,30.1,100.0,1.0,24.6398775,121.8336131
08BEAC252CE2,2025-07-23,10:04:04,34.0,82.0,1.0,24.87157,120.999122
08BEAC252BA0,2025-07-23,10:04:31,32.5,100.0,0.0,24.6752335,121.0590723
08BEAC245F3C,2025-07-23,10:08:33,30.1,100.0,1.0,24.6398775,121.8336131
08BEAC252CE2,2025-07-23,10:09:17,34.1,82.0,0.0,24.87157,120.999122
08BEAC252BA0,2025-07-23,10:09:43,32.5,100.0,0.0,24.6752335,121.0590723
08BEAC245F3C,2025-07-23,10:13:46,30.1,100.0,2.0,24.6398775,121.8336131
08BEAC252CE2,2025-07-23,10:14:29,34.1,82.0,0.0,24.87157,120.999122
08BEAC252BA0,2025-07-23,10:14:55,32.2,100.0,0.0,24.6752335,121.0590723
08BEAC245F3C,2025-07-23,10:18:58,30.0,100.0,2.0,24.6398775,121.8336131
08BEAC252CE2,2025-07-23,10:19:41,34.0,82.0,1.0,24.87157,120.999122
08BEAC252BA0,2025-07-23,10:20:08,32.2,100.0,0.0,24.6752335,121.0590723
08BEAC245F3C,2025-07-23,10:24:12,30.0,100.0,2.0,24.6398775,121.8336131
08BEAC252CE2,2025-07-23,10:24:55,34.0,82.0,0.0,24.87157,120.999122
08BEAC252BA0,2025-07-23,10:25:20,32.1,100.0,0.0,24.6752335,121.0590723
08BEAC245F3C,2025-07-23,10:29:25,30.0,100.0,2.0,24.6398775,121.8336131
08BEAC252CE2,2025-07-23,10:30:07,34.0,82.0,1.0,24.87157,120.999122
08BEAC252BA0,2025-07-23,10:30:33,32.0,100.0,0.0,24.6752335,121.0590723
08BEAC245F3C,2025-07-23,10:34:38,29.8,100.0,2.0,24.6398775,121.8336131
08BEAC252CE2,2025-07-23,10:35:22,34.0,82.0,1.0,24.87157,120.999122
08BEAC252BA0,2025-07-23,10:35:46,32.0,100.0,0.0,24.6752335,121.0590723
08BEAC245F3C,2025-07-23,10:39:50,29.8,100.0,2.0,24.6398775,121.8336131
08BEAC252CE2,2025-07-23,10:40:35,34.0,82.0,1.0,24.87157,120.999122
08BEAC252BA0,2025-07-23,10:41:00,31.8,100.0,0.0,24.6752335,121.0590723
08BEAC245F3C,2025-07-23,10:45:03,29.8,100.0,2.0,24.6398775,121.8336131
08BEAC252CE2,2025-07-23,10:45:47,34.0,83.0,1.0,24.87157,120.999122
08BEAC252BA0,2025-07-23,10:46:13,31.8,100.0,0.0,24.6752335,121.0590723
08BEAC245F3C,2025-07-23,10:50:15,29.8,100.0,1.0,24.6398775,121.8336131
08BEAC252CE2,2025-07-23,10:51:00,34.0,83.0,1.0,24.87157,120.999122
08BEAC252BA0,2025-07-23,10:51:25,31.7,100.0,0.0,24.6752335,121.0590723
08BEAC245F3C,2025-07-23,10:55:29,29.8,100.0,2.0,24.6398775,121.8336131
08BEAC252CE2,2025-07-23,10:56:12,34.0,83.0,1.0,24.87157,120.999122
08BEAC252BA0,2025-07-23,10:56:38,31.6,100.0,0.0,24.6752335,121.0590723
08BEAC245F3C,2025-07-23,11:00:41,29.8,100.0,2.0,24.6398775,121.8336131
08BEAC252CE2,2025-07-23,11:01:26,34.0,83.0,1.0,24.87157,120.999122
08BEAC252BA0,2025-07-23,11:01:51,31.5,100.0,0.0,24.6752335,121.0590723
08BEAC245F3C,2025-07-23,11:05:55,29.8,100.0,2.0,24.6398775,121.8336131
08BEAC252CE2,2025-07-23,11:06:39,34.0,83.0,1.0,24.87157,120.999122
08BEAC252BA0,2025-07-23,11:07:03,31.5,100.0,0.0,24.6752335,121.0590723
08BEAC245F3C,2025-07-23,11:11:08,29.8,100.0,1.0,24.6398775,121.8336131
08BEAC252CE2,2025-07-23,11:11:51,33.8,83.0,0.0,24.87157,120.999122
08BEAC252BA0,2025-07-23,11:12:15,31.3,100.0,0.0,24.6752335,121.0590723
08BEAC245F3C,2025-07-23,11:16:23,29.7,100.0,2.0,24.6398775,121.8336131
08BEAC252CE2,2025-07-23,11:17:03,34.0,83.0,1.0,24.87157,120.999122
08BEAC252BA0,2025-07-23,11:17:28,31.3,100.0,0.0,24.6752335,121.0590723
08BEAC245F3C,2025-07-23,11:21:36,29.7,100.0,1.0,24.6398775,121.8336131
08BEAC252CE2,2025-07-23,11:22:15,34.0,83.0,0.0,24.87157,120.999122
08BEAC252BA0,2025-07-23,11:22:41,31.3,100.0,0.0,24.6752335,121.0590723
08BEAC245F3C,2025-07-23,11:26:50,29.6,100.0,1.0,24.6398775,121.8336131
08BEAC252CE2,2025-07-23,11:27:29,33.8,83.0,1.0,24.87157,120.999122
08BEAC252BA0,2025-07-23,11:27:53,31.2,100.0,0.0,24.6752335,121.0590723
08BEAC245F3C,2025-07-23,11:32:03,29.7,100.0,1.0,24.6398775,121.8336131
08BEAC252CE2,2025-07-23,11:32:41,33.8,84.0,1.0,24.87157,120.999122
08BEAC252BA0,2025-07-23,11:33:06,31.1,100.0,0.0,24.6752335,121.0590723
08BEAC245F3C,2025-07-23,11:37:16,29.7,100.0,1.0,24.6398775,121.8336131
08BEAC252CE2,2025-07-23,11:37:55,33.8,84.0,1.0,24.87157,120.999122
08BEAC252BA0,2025-07-23,11:38:18,31.1,100.0,0.0,24.6752335,121.0590723
08BEAC245F3C,2025-07-23,11:42:29,29.7,100.0,1.0,24.6398775,121.8336131
08BEAC252CE2,2025-07-23,11:43:07,33.8,84.0,1.0,24.87157,120.999122
08BEAC252BA0,2025-07-23,11:43:31,31.1,100.0,0.0,24.6752335,121.0590723
08BEAC245F3C,2025-07-23,11:47:42,29.7,100.0,2.0,24.6398775,121.8336131
08BEAC252CE2,2025-07-23,11:48:21,33.7,84.0,1.0,24.87157,120.999122
08BEAC252BA0,2025-07-23,11:48:43,31.1,100.0,0.0,24.6752335,121.0590723
08BEAC245F3C,2025-07-23,11:52:55,29.7,100.0,1.0,24.6398775,121.8336131
08BEAC252CE2,2025-07-23,11:53:35,33.7,84.0,1.0,24.87157,120.999122
08BEAC252BA0,2025-07-23,11:53:57,31.0,100.0,0.0,24.6752335,121.0590723
08BEAC245F3C,2025-07-23,11:58:09,29.6,100.0,1.0,24.6398775,121.8336131
08BEAC252CE2,2025-07-23,11:58:49,33.7,84.0,1.0,24.87157,120.999122
08BEAC252BA0,2025-07-23,11:59:11,31.0,100.0,0.0,24.6752335,121.0590723
08BEAC245F3C,2025-07-23,12:03:23,29.6,100.0,1.0,24.6398775,121.8336131
08BEAC252CE2,2025-07-23,12:04:03,33.7,84.0,1.0,24.87157,120.999122
08BEAC252BA0,2025-07-23,12:04:24,31.0,100.0,0.0,24.6752335,121.0590723
08BEAC245F3C,2025-07-23,12:08:37,29.6,100.0,1.0,24.6398775,121.8336131
08BEAC252CE2,2025-07-23,12:09:18,33.7,84.0,0.0,24.87157,120.999122
08BEAC252BA0,2025-07-23,12:09:38,31.0,100.0,0.0,24.6752335,121.0590723
08BEAC245F3C,2025-07-23,12:13:51,29.5,100.0,2.0,24.6398775,121.8336131
08BEAC252CE2,2025-07-23,12:14:33,33.7,84.0,0.0,24.87157,120.999122
08BEAC252BA0,2025-07-23,12:14:53,31.0,100.0,0.0,24.6752335,121.0590723
08BEAC245F3C,2025-07-23,12:19:04,29.5,100.0,2.0,24.6398775,121.8336131
08BEAC252CE2,2025-07-23,12:19:49,33.6,84.0,1.0,24.87157,120.999122
08BEAC252BA0,2025-07-23,12:20:06,31.0,100.0,0.0,24.6752335,121.0590723
08BEAC245F3C,2025-07-23,12:24:17,29.6,100.0,2.0,24.6398775,121.8336131
08BEAC252CE2,2025-07-23,12:25:09,33.7,84.0,1.0,24.87157,120.999122
08BEAC252BA0,2025-07-23,12:25:21,31.0,100.0,0.0,24.6752335,121.0590723
08BEAC245F3C,2025-07-23,12:29:30,29.6,100.0,1.0,24.6398775,121.8336131
08BEAC252CE2,2025-07-23,12:30:21,33.6,83.0,0.0,24.87157,120.999122
08BEAC252BA0,2025-07-23,12:30:36,31.0,100.0,0.0,24.6752335,121.0590723
08BEAC245F3C,2025-07-23,12:34:43,29.6,100.0,2.0,24.6398775,121.8336131
08BEAC252CE2,2025-07-23,12:35:35,33.7,84.0,0.0,24.87157,120.999122
08BEAC252BA0,2025-07-23,12:35:50,31.0,100.0,0.0,24.6752335,121.0590723
08BEAC245F3C,2025-07-23,12:39:57,29.6,100.0,2.0,24.6398775,121.8336131
08BEAC252CE2,2025-07-23,12:40:49,33.6,83.0,1.0,24.87157,120.999122
08BEAC252BA0,2025-07-23,12:41:06,31.0,100.0,0.0,24.6752335,121.0590723
08BEAC245F3C,2025-07-23,12:45:10,29.6,100.0,1.0,24.6398775,121.8336131
08BEAC252CE2,2025-07-23,12:46:03,33.6,83.0,1.0,24.87157,120.999122
08BEAC252BA0,2025-07-23,12:46:21,30.8,100.0,0.0,24.6752335,121.0590723
08BEAC245F3C,2025-07-23,12:50:24,29.5,100.0,2.0,24.6398775,121.8336131
08BEAC252CE2,2025-07-23,12:51:17,33.7,83.0,0.0,24.87157,120.999122
08BEAC252BA0,2025-07-23,12:51:34,30.8,100.0,0.0,24.6752335,121.0590723
08BEAC245F3C,2025-07-23,12:55:38,29.3,100.0,2.0,24.6398775,121.8336131
08BEAC252CE2,2025-07-23,12:56:30,33.6,83.0,0.0,24.87157,120.999122
08BEAC252BA0,2025-07-23,12:56:47,30.6,100.0,0.0,24.6752335,121.0590723
08BEAC245F3C,2025-07-23,13:00:52,29.3,100.0,1.0,24.6398775,121.8336131
08BEAC252CE2,2025-07-23,13:01:44,33.6,83.0,0.0,24.87157,120.999122
08BEAC252BA0,2025-07-23,13:02:00,30.6,100.0,0.0,24.6752335,121.0590723
08BEAC245F3C,2025-07-23,13:06:04,29.2,100.0,1.0,24.6398775,121.8336131
08BEAC252CE2,2025-07-23,13:07:00,33.6,83.0,0.0,24.87157,120.999122
08BEAC252BA0,2025-07-23,13:07:13,30.6,100.0,0.0,24.6752335,121.0590723
08BEAC245F3C,2025-07-23,13:11:17,29.1,100.0,1.0,24.6398775,121.8336131
08BEAC252CE2,2025-07-23,13:12:12,33.6,83.0,0.0,24.87157,120.999122
08BEAC252BA0,2025-07-23,13:12:25,30.5,100.0,0.0,24.6752335,121.0590723
08BEAC245F3C,2025-07-23,13:16:30,29.1,100.0,1.0,24.6398775,121.8336131
08BEAC252CE2,2025-07-23,13:17:24,33.6,83.0,0.0,24.87157,120.999122
08BEAC252BA0,2025-07-23,13:17:38,30.5,100.0,0.0,24.6752335,121.0590723
08BEAC245F3C,2025-07-23,13:21:43,29.0,100.0,1.0,24.6398775,121.8336131
08BEAC252CE2,2025-07-23,13:22:36,33.5,83.0,0.0,24.87157,120.999122
08BEAC252BA0,2025-07-23,13:22:51,30.3,100.0,0.0,24.6752335,121.0590723
08BEAC245F3C,2025-07-23,13:26:57,28.8,100.0,1.0,24.6398775,121.8336131
08BEAC252CE2,2025-07-23,13:27:49,33.6,83.0,0.0,24.87157,120.999122
08BEAC252BA0,2025-07-23,13:28:04,30.2,100.0,0.0,24.6752335,121.0590723
08BEAC245F3C,2025-07-23,13:32:12,28.8,100.0,1.0,24.6398775,121.8336131
08BEAC252CE2,2025-07-23,13:33:02,33.6,82.0,0.0,24.87157,120.999122
08BEAC252BA0,2025-07-23,13:33:17,30.2,100.0,0.0,24.6752335,121.0590723
08BEAC245F3C,2025-07-23,13:37:28,28.8,100.0,1.0,24.6398775,121.8336131
08BEAC252CE2,2025-07-23,13:38:14,33.6,83.0,0.0,24.87157,120.999122
08BEAC252BA0,2025-07-23,13:38:30,30.2,100.0,0.0,24.6752335,121.0590723
08BEAC245F3C,2025-07-23,13:42:41,28.7,100.0,2.0,24.6398775,121.8336131
08BEAC252CE2,2025-07-23,13:43:26,33.6,82.0,0.0,24.87157,120.999122
08BEAC252BA0,2025-07-23,13:43:42,30.1,100.0,0.0,24.6752335,121.0590723
08BEAC245F3C,2025-07-23,13:47:54,28.7,100.0,2.0,24.6398775,121.8336131
08BEAC252CE2,2025-07-23,13:48:38,33.6,82.0,0.0,24.87157,120.999122
08BEAC252BA0,2025-07-23,13:48:55,30.0,100.0,0.0,24.6752335,121.0590723
08BEAC245F3C,2025-07-23,13:53:07,28.7,100.0,2.0,24.6398775,121.8336131
08BEAC252CE2,2025-07-23,13:53:51,33.6,82.0,0.0,24.87157,120.999122
08BEAC252BA0,2025-07-23,13:54:09,30.0,100.0,0.0,24.6752335,121.0590723
08BEAC245F3C,2025-07-23,13:58:21,28.7,100.0,2.0,24.6398775,121.8336131
08BEAC252CE2,2025-07-23,13:59:04,33.6,82.0,0.0,24.87157,120.999122
08BEAC252BA0,2025-07-23,13:59:22,29.8,100.0,0.0,24.6752335,121.0590723
08BEAC245F3C,2025-07-23,14:03:34,28.6,100.0,3.0,24.6398775,121.8336131
08BEAC252CE2,2025-07-23,14:04:16,33.6,82.0,0.0,24.87157,120.999122
08BEAC252BA0,2025-07-23,14:04:34,29.8,100.0,0.0,24.6752335,121.0590723
08BEAC245F3C,2025-07-23,14:08:47,28.6,100.0,2.0,24.6398775,121.8336131
08BEAC252CE2,2025-07-23,14:09:29,33.5,82.0,0.0,24.87157,120.999122
08BEAC252BA0,2025-07-23,14:09:48,29.7,100.0,0.0,24.6752335,121.0590723
08BEAC245F3C,2025-07-23,14:14:00,28.6,100.0,2.0,24.6398775,121.8336131
08BEAC252CE2,2025-07-23,14:14:41,33.5,82.0,0.0,24.87157,120.999122
08BEAC252BA0,2025-07-23,14:15:00,29.6,100.0,0.0,24.6752335,121.0590723
08BEAC245F3C,2025-07-23,14:19:14,28.6,100.0,2.0,24.6398775,121.8336131
08BEAC252CE2,2025-07-23,14:19:53,33.5,82.0,0.0,24.87157,120.999122
08BEAC252BA0,2025-07-23,14:20:13,29.5,100.0,0.0,24.6752335,121.0590723
08BEAC245F3C,2025-07-23,14:24:27,28.6,100.0,1.0,24.6398775,121.8336131
08BEAC252CE2,2025-07-23,14:25:08,33.5,82.0,0.0,24.87157,120.999122
08BEAC252BA0,2025-07-23,14:25:27,29.5,100.0,0.0,24.6752335,121.0590723
08BEAC245F3C,2025-07-23,14:29:40,28.5,100.0,1.0,24.6398775,121.8336131
08BEAC252CE2,2025-07-23,14:30:19,33.5,82.0,0.0,24.87157,120.999122
08BEAC252BA0,2025-07-23,14:30:41,29.5,100.0,0.0,24.6752335,121.0590723
08BEAC245F3C,2025-07-23,14:34:54,28.6,100.0,2.0,24.6398775,121.8336131
08BEAC252CE2,2025-07-23,14:35:33,33.5,82.0,0.0,24.87157,120.999122
08BEAC252BA0,2025-07-23,14:35:54,29.5,100.0,0.0,24.6752335,121.0590723
08BEAC245F3C,2025-07-23,14:40:08,28.6,100.0,8.0,24.6398775,121.8336131
08BEAC252CE2,2025-07-23,14:40:45,33.5,82.0,0.0,24.87157,120.999122
08BEAC252BA0,2025-07-23,14:41:08,29.6,100.0,0.0,24.6752335,121.0590723
08BEAC245F3C,2025-07-23,14:45:21,28.5,100.0,27.0,24.6398775,121.8336131
08BEAC252CE2,2025-07-23,14:45:59,33.5,82.0,0.0,24.87157,120.999122
08BEAC252BA0,2025-07-23,14:46:20,29.6,100.0,0.0,24.6752335,121.0590723
08BEAC245F3C,2025-07-23,14:50:33,28.5,100.0,26.0,24.6398775,121.8336131
08BEAC252CE2,2025-07-23,14:51:12,33.5,82.0,0.0,24.87157,120.999122
08BEAC252BA0,2025-07-23,14:51:32,29.6,100.0,0.0,24.6752335,121.0590723
08BEAC245F3C,2025-07-23,14:55:46,28.6,100.0,5.0,24.6398775,121.8336131
08BEAC252CE2,2025-07-23,14:56:27,33.5,82.0,0.0,24.87157,120.999122
08BEAC252BA0,2025-07-23,14:56:46,29.6,100.0,0.0,24.6752335,121.0590723
08BEAC245F3C,2025-07-23,15:00:58,28.5,100.0,2.0,24.6398775,121.8336131
08BEAC252CE2,2025-07-23,15:01:43,33.5,82.0,0.0,24.87157,120.999122
08BEAC252BA0,2025-07-23,15:01:59,29.6,100.0,0.0,24.6752335,121.0590723
08BEAC245F3C,2025-07-23,15:06:11,28.6,100.0,1.0,24.6398775,121.8336131
08BEAC252CE2,2025-07-23,15:06:57,33.5,82.0,0.0,24.87157,120.999122
08BEAC252BA0,2025-07-23,15:07:12,29.5,100.0,0.0,24.6752335,121.0590723
08BEAC245F3C,2025-07-23,15:11:25,28.5,100.0,0.0,24.6398775,121.8336131
08BEAC252CE2,2025-07-23,15:12:12,33.5,82.0,0.0,24.87157,120.999122
08BEAC252BA0,2025-07-23,15:12:25,29.5,100.0,0.0,24.6752335,121.0590723
08BEAC245F3C,2025-07-23,15:16:37,28.3,100.0,0.0,24.6398775,121.8336131
08BEAC252CE2,2025-07-23,15:17:24,33.5,82.0,0.0,24.87157,120.999122
08BEAC245F3C,2025-07-23,15:21:51,28.3,100.0,0.0,24.6398775,121.8336131
08BEAC252CE2,2025-07-23,15:22:36,33.5,83.0,0.0,24.87157,120.999122
08BEAC252BA0,2025-07-23,15:22:48,29.3,100.0,0.0,24.6752335,121.0590723
08BEAC252CE2,2025-07-23,15:27:48,33.3,83.0,0.0,24.87157,120.999122
08BEAC252BA0,2025-07-23,15:28:02,29.3,100.0,0.0,24.6752335,121.0590723
08BEAC245F3C,2025-07-23,15:32:14,28.2,100.0,0.0,24.6398775,121.8336131
08BEAC252CE2,2025-07-23,15:33:01,33.5,83.0,0.0,24.87157,120.999122
08BEAC252BA0,2025-07-23,15:33:16,29.5,100.0,0.0,24.6752335,121.0590723
08BEAC245F3C,2025-07-23,15:37:26,28.2,100.0,0.0,24.6398775,121.8336131
08BEAC252CE2,2025-07-23,15:38:13,33.5,83.0,0.0,24.87157,120.999122
08BEAC252BA0,2025-07-23,15:38:30,29.5,100.0,0.0,24.6752335,121.0590723
08BEAC245F3C,2025-07-23,15:42:40,28.2,100.0,0.0,24.6398775,121.8336131
08BEAC252CE2,2025-07-23,15:43:25,33.3,83.0,0.0,24.87157,120.999122
08BEAC245F3C,2025-07-23,15:47:52,28.1,100.0,0.0,24.6398775,121.8336131
08BEAC252CE2,2025-07-23,15:48:37,33.5,83.0,0.0,24.87157,120.999122
08BEAC252BA0,2025-07-23,15:48:50,29.3,100.0,0.0,24.6752335,121.0590723
08BEAC245F3C,2025-07-23,15:53:05,28.2,100.0,0.0,24.6398775,121.8336131
08BEAC252CE2,2025-07-23,15:53:52,33.3,83.0,0.0,24.87157,120.999122
08BEAC252BA0,2025-07-23,15:54:05,29.3,100.0,0.0,24.6752335,121.0590723
08BEAC245F3C,2025-07-23,15:58:18,28.3,100.0,0.0,24.6398775,121.8336131
08BEAC252CE2,2025-07-23,15:59:07,33.3,84.0,0.0,24.87157,120.999122
08BEAC252BA0,2025-07-23,15:59:18,29.2,100.0,0.0,24.6752335,121.0590723
08BEAC245F3C,2025-07-23,16:03:31,28.3,100.0,0.0,24.6398775,121.8336131
08BEAC252CE2,2025-07-23,16:04:20,33.3,84.0,0.0,24.87157,120.999122
08BEAC252BA0,2025-07-23,16:04:33,29.3,100.0,0.0,24.6752335,121.0590723
08BEAC245F3C,2025-07-23,16:08:45,28.3,100.0,0.0,24.6398775,121.8336131
08BEAC252CE2,2025-07-23,16:09:33,33.3,84.0,0.0,24.87157,120.999122
08BEAC252BA0,2025-07-23,16:09:49,29.2,100.0,0.0,24.6752335,121.0590723
08BEAC245F3C,2025-07-23,16:13:59,28.3,100.0,0.0,24.6398775,121.8336131
08BEAC252CE2,2025-07-23,16:14:48,33.3,84.0,0.0,24.87157,120.999122
08BEAC252BA0,2025-07-23,16:15:03,29.2,100.0,0.0,24.6752335,121.0590723
08BEAC245F3C,2025-07-23,16:19:12,28.3,100.0,0.0,24.6398775,121.8336131
08BEAC252BA0,2025-07-23,16:20:15,29.2,100.0,0.0,24.6752335,121.0590723
08BEAC252CE2,2025-07-23,16:20:15,33.3,85.0,0.0,24.87157,120.999122
08BEAC245F3C,2025-07-23,16:24:25,28.2,100.0,0.0,24.6398775,121.8336131
08BEAC252BA0,2025-07-23,16:25:28,29.2,100.0,0.0,24.6752335,121.0590723
08BEAC252CE2,2025-07-23,16:25:28,33.3,85.0,0.0,24.87157,120.999122
08BEAC245F3C,2025-07-23,16:29:39,28.2,100.0,1.0,24.6398775,121.8336131
08BEAC252BA0,2025-07-23,16:30:40,29.1,100.0,0.0,24.6752335,121.0590723
08BEAC252CE2,2025-07-23,16:30:40,33.3,85.0,0.0,24.87157,120.999122
08BEAC245F3C,2025-07-23,16:34:52,28.1,100.0,0.0,24.6398775,121.8336131
08BEAC252BA0,2025-07-23,16:35:52,29.2,100.0,0.0,24.6752335,121.0590723
08BEAC252CE2,2025-07-23,16:35:54,33.3,85.0,0.0,24.87157,120.999122
08BEAC245F3C,2025-07-23,16:40:05,28.2,100.0,0.0,24.6398775,121.8336131
08BEAC252CE2,2025-07-23,16:41:06,33.3,85.0,0.0,24.87157,120.999122
08BEAC252BA0,2025-07-23,16:41:07,29.1,100.0,0.0,24.6752335,121.0590723
08BEAC245F3C,2025-07-23,16:45:18,28.1,100.0,0.0,24.6398775,121.8336131
08BEAC252CE2,2025-07-23,16:46:17,33.3,85.0,0.0,24.87157,120.999122
08BEAC252BA0,2025-07-23,16:46:20,29.2,100.0,0.0,24.6752335,121.0590723
08BEAC245F3C,2025-07-23,16:50:30,28.1,100.0,0.0,24.6398775,121.8336131
08BEAC252CE2,2025-07-23,16:51:31,33.2,86.0,0.0,24.87157,120.999122
08BEAC252BA0,2025-07-23,16:51:34,29.2,100.0,0.0,24.6752335,121.0590723
08BEAC245F3C,2025-07-23,16:55:43,28.1,100.0,0.0,24.6398775,121.8336131
08BEAC252CE2,2025-07-23,16:56:45,33.2,85.0,0.0,24.87157,120.999122
08BEAC252BA0,2025-07-23,16:56:48,29.2,100.0,0.0,24.6752335,121.0590723
08BEAC245F3C,2025-07-23,17:00:57,28.1,100.0,0.0,24.6398775,121.8336131
08BEAC252CE2,2025-07-23,17:01:58,33.2,86.0,0.0,24.87157,120.999122
08BEAC252BA0,2025-07-23,17:02:02,29.2,100.0,0.0,24.6752335,121.0590723
08BEAC245F3C,2025-07-23,17:06:10,28.0,100.0,0.0,24.6398775,121.8336131
08BEAC252CE2,2025-07-23,17:07:11,33.3,86.0,0.0,24.87157,120.999122
08BEAC252BA0,2025-07-23,17:07:16,29.2,100.0,0.0,24.6752335,121.0590723
08BEAC245F3C,2025-07-23,17:11:23,28.0,100.0,0.0,24.6398775,121.8336131
08BEAC252CE2,2025-07-23,17:12:24,33.3,86.0,0.0,24.87157,120.999122
08BEAC252BA0,2025-07-23,17:12:29,29.2,100.0,0.0,24.6752335,121.0590723
08BEAC245F3C,2025-07-23,17:16:37,28.0,100.0,0.0,24.6398775,121.8336131
08BEAC252CE2,2025-07-23,17:17:37,33.3,86.0,0.0,24.87157,120.999122
08BEAC252BA0,2025-07-23,17:17:42,29.2,100.0,0.0,24.6752335,121.0590723
08BEAC245F3C,2025-07-23,17:21:49,28.0,100.0,0.0,24.6398775,121.8336131
08BEAC252CE2,2025-07-23,17:22:49,33.2,86.0,0.0,24.87157,120.999122
08BEAC252BA0,2025-07-23,17:22:55,29.2,100.0,0.0,24.6752335,121.0590723
08BEAC245F3C,2025-07-23,17:27:03,28.0,100.0,0.0,24.6398775,121.8336131
08BEAC252CE2,2025-07-23,17:28:01,33.3,86.0,0.0,24.87157,120.999122
08BEAC252BA0,2025-07-23,17:28:07,29.1,100.0,0.0,24.6752335,121.0590723
08BEAC245F3C,2025-07-23,17:32:16,28.0,100.0,0.0,24.6398775,121.8336131
08BEAC252CE2,2025-07-23,17:33:14,33.3,86.0,0.0,24.87157,120.999122
08BEAC252BA0,2025-07-23,17:33:19,29.2,100.0,0.0,24.6752335,121.0590723
08BEAC245F3C,2025-07-23,17:37:29,28.0,100.0,0.0,24.6398775,121.8336131
08BEAC252CE2,2025-07-23,17:38:26,33.2,86.0,0.0,24.87157,120.999122
08BEAC252BA0,2025-07-23,17:38:32,29.2,100.0,1.0,24.6752335,121.0590723
08BEAC245F3C,2025-07-23,17:42:42,28.0,100.0,0.0,24.6398775,121.8336131
08BEAC252CE2,2025-07-23,17:43:39,33.2,86.0,0.0,24.87157,120.999122
08BEAC252BA0,2025-07-23,17:43:44,29.2,100.0,0.0,24.6752335,121.0590723
08BEAC245F3C,2025-07-23,17:47:57,27.8,100.0,0.0,24.6398775,121.8336131
08BEAC252CE2,2025-07-23,17:48:52,33.2,86.0,0.0,24.87157,120.999122
08BEAC252BA0,2025-07-23,17:48:57,29.1,100.0,0.0,24.6752335,121.0590723
08BEAC245F3C,2025-07-23,17:53:10,27.8,100.0,1.0,24.6398775,121.8336131
08BEAC252CE2,2025-07-23,17:54:05,33.3,86.0,0.0,24.87157,120.999122
08BEAC252BA0,2025-07-23,17:54:11,29.1,100.0,0.0,24.6752335,121.0590723
08BEAC245F3C,2025-07-23,17:58:26,27.8,100.0,0.0,24.6398775,121.8336131
08BEAC252CE2,2025-07-23,17:59:17,33.2,86.0,1.0,24.87157,120.999122
08BEAC252BA0,2025-07-23,17:59:25,29.1,100.0,0.0,24.6752335,121.0590723
08BEAC245F3C,2025-07-23,18:03:40,27.8,100.0,0.0,24.6398775,121.8336131
08BEAC252CE2,2025-07-23,18:04:29,33.3,86.0,1.0,24.87157,120.999122
08BEAC252BA0,2025-07-23,18:04:38,29.1,100.0,0.0,24.6752335,121.0590723
08BEAC245F3C,2025-07-23,18:09:56,27.7,100.0,0.0,24.6398775,121.8336131
08BEAC252CE2,2025-07-23,18:10:43,33.2,86.0,0.0,24.87157,120.999122
08BEAC252BA0,2025-07-23,18:10:49,29.0,100.0,0.0,24.6752335,121.0590723
08BEAC245F3C,2025-07-23,18:15:11,27.7,100.0,0.0,24.6398775,121.8336131
08BEAC252CE2,2025-07-23,18:15:56,33.2,86.0,1.0,24.87157,120.999122
08BEAC252BA0,2025-07-23,18:16:02,29.0,100.0,0.0,24.6752335,121.0590723
08BEAC245F3C,2025-07-23,18:20:24,27.8,100.0,0.0,24.6398775,121.8336131
08BEAC252CE2,2025-07-23,18:21:10,33.3,85.0,0.0,24.87157,120.999122
08BEAC252BA0,2025-07-23,18:21:14,29.0,100.0,0.0,24.6752335,121.0590723
08BEAC245F3C,2025-07-23,18:25:37,27.8,100.0,0.0,24.6398775,121.8336131
08BEAC252CE2,2025-07-23,18:26:23,33.3,85.0,0.0,24.87157,120.999122
08BEAC252BA0,2025-07-23,18:26:30,29.0,100.0,0.0,24.6752335,121.0590723
08BEAC245F3C,2025-07-23,18:30:50,27.8,100.0,0.0,24.6398775,121.8336131
08BEAC252CE2,2025-07-23,18:31:42,33.2,85.0,1.0,24.87157,120.999122
08BEAC252BA0,2025-07-23,18:31:43,28.8,100.0,0.0,24.6752335,121.0590723
08BEAC245F3C,2025-07-23,18:36:04,27.8,100.0,0.0,24.6398775,121.8336131
08BEAC252CE2,2025-07-23,18:36:54,33.3,85.0,1.0,24.87157,120.999122
08BEAC252BA0,2025-07-23,18:36:55,28.8,100.0,0.0,24.6752335,121.0590723
08BEAC245F3C,2025-07-23,18:41:18,27.8,100.0,1.0,24.6398775,121.8336131
08BEAC252BA0,2025-07-23,18:42:07,28.8,100.0,0.0,24.6752335,121.0590723
08BEAC252CE2,2025-07-23,18:42:08,33.3,85.0,0.0,24.87157,120.999122
08BEAC245F3C,2025-07-23,18:46:31,27.8,100.0,1.0,24.6398775,121.8336131
08BEAC252BA0,2025-07-23,18:47:19,28.8,100.0,0.0,24.6752335,121.0590723
08BEAC252CE2,2025-07-23,18:47:22,33.3,85.0,0.0,24.87157,120.999122
08BEAC245F3C,2025-07-23,18:51:45,27.8,100.0,0.0,24.6398775,121.8336131
08BEAC252BA0,2025-07-23,18:52:31,28.8,100.0,0.0,24.6752335,121.0590723
08BEAC252CE2,2025-07-23,18:52:34,33.3,85.0,0.0,24.87157,120.999122
08BEAC245F3C,2025-07-23,18:56:58,27.7,100.0,0.0,24.6398775,121.8336131
08BEAC252BA0,2025-07-23,18:57:44,28.7,100.0,1.0,24.6752335,121.0590723
08BEAC252CE2,2025-07-23,18:57:46,33.3,84.0,0.0,24.87157,120.999122
08BEAC245F3C,2025-07-23,19:02:12,27.7,100.0,0.0,24.6398775,121.8336131
08BEAC252BA0,2025-07-23,19:02:57,28.8,100.0,0.0,24.6752335,121.0590723
08BEAC252CE2,2025-07-23,19:03:02,33.3,84.0,0.0,24.87157,120.999122
08BEAC245F3C,2025-07-23,19:07:26,27.7,100.0,0.0,24.6398775,121.8336131
08BEAC252BA0,2025-07-23,19:08:09,28.7,100.0,0.0,24.6752335,121.0590723
08BEAC252CE2,2025-07-23,19:08:14,33.2,84.0,0.0,24.87157,120.999122
08BEAC245F3C,2025-07-23,19:12:38,27.6,100.0,0.0,24.6398775,121.8336131
08BEAC252BA0,2025-07-23,19:13:22,28.7,100.0,1.0,24.6752335,121.0590723
08BEAC252CE2,2025-07-23,19:13:27,33.3,84.0,0.0,24.87157,120.999122
08BEAC245F3C,2025-07-23,19:17:51,27.6,100.0,0.0,24.6398775,121.8336131
08BEAC252BA0,2025-07-23,19:18:34,28.8,100.0,0.0,24.6752335,121.0590723
08BEAC252CE2,2025-07-23,19:18:39,33.3,84.0,0.0,24.87157,120.999122
08BEAC245F3C,2025-07-23,19:23:03,27.7,100.0,1.0,24.6398775,121.8336131
08BEAC252BA0,2025-07-23,19:23:46,28.7,100.0,1.0,24.6752335,121.0590723
08BEAC252CE2,2025-07-23,19:23:51,33.3,84.0,0.0,24.87157,120.999122
08BEAC245F3C,2025-07-23,19:28:17,27.7,100.0,0.0,24.6398775,121.8336131
08BEAC252BA0,2025-07-23,19:28:58,28.6,100.0,1.0,24.6752335,121.0590723
08BEAC252CE2,2025-07-23,19:29:03,33.3,84.0,0.0,24.87157,120.999122
08BEAC245F3C,2025-07-23,19:33:31,27.6,100.0,1.0,24.6398775,121.8336131
08BEAC252BA0,2025-07-23,19:34:11,28.6,100.0,1.0,24.6752335,121.0590723
08BEAC252CE2,2025-07-23,19:34:15,33.3,84.0,1.0,24.87157,120.999122
08BEAC245F3C,2025-07-23,19:38:43,27.6,100.0,1.0,24.6398775,121.8336131
08BEAC252BA0,2025-07-23,19:39:24,28.6,100.0,0.0,24.6752335,121.0590723
08BEAC252CE2,2025-07-23,19:39:27,33.5,84.0,0.0,24.87157,120.999122
08BEAC245F3C,2025-07-23,19:43:57,27.6,100.0,1.0,24.6398775,121.8336131
08BEAC252BA0,2025-07-23,19:44:37,28.6,100.0,0.0,24.6752335,121.0590723
08BEAC252CE2,2025-07-23,19:44:42,33.3,84.0,0.0,24.87157,120.999122
08BEAC245F3C,2025-07-23,19:49:09,27.6,100.0,1.0,24.6398775,121.8336131
08BEAC252CE2,2025-07-23,19:49:56,33.3,84.0,0.0,24.87157,120.999122
08BEAC252BA0,2025-07-23,19:50:09,28.6,100.0,1.0,24.6752335,121.0590723
08BEAC245F3C,2025-07-23,19:54:23,27.5,100.0,1.0,24.6398775,121.8336131
08BEAC252CE2,2025-07-23,19:55:09,33.3,85.0,1.0,24.87157,120.999122
08BEAC252BA0,2025-07-23,19:55:22,28.5,100.0,1.0,24.6752335,121.0590723
08BEAC245F3C,2025-07-23,19:59:34,27.5,100.0,1.0,24.6398775,121.8336131
08BEAC252CE2,2025-07-23,20:00:22,33.3,85.0,1.0,24.87157,120.999122
08BEAC252BA0,2025-07-23,20:00:35,28.5,100.0,1.0,24.6752335,121.0590723
08BEAC245F3C,2025-07-23,20:04:48,27.5,100.0,1.0,24.6398775,121.8336131
08BEAC252CE2,2025-07-23,20:05:36,33.3,85.0,1.0,24.87157,120.999122
08BEAC252BA0,2025-07-23,20:05:48,28.5,100.0,1.0,24.6752335,121.0590723
08BEAC245F3C,2025-07-23,20:10:01,27.5,100.0,1.0,24.6398775,121.8336131
08BEAC252CE2,2025-07-23,20:10:48,33.3,85.0,1.0,24.87157,120.999122
08BEAC252BA0,2025-07-23,20:11:01,28.5,100.0,1.0,24.6752335,121.0590723
08BEAC245F3C,2025-07-23,20:15:13,27.6,100.0,1.0,24.6398775,121.8336131
08BEAC252CE2,2025-07-23,20:16:02,33.2,85.0,1.0,24.87157,120.999122
08BEAC252BA0,2025-07-23,20:16:14,28.5,100.0,1.0,24.6752335,121.0590723
08BEAC245F3C,2025-07-23,20:20:25,27.6,100.0,1.0,24.6398775,121.8336131
08BEAC252CE2,2025-07-23,20:21:14,33.3,85.0,1.0,24.87157,120.999122
08BEAC252BA0,2025-07-23,20:21:27,28.5,100.0,1.0,24.6752335,121.0590723
08BEAC245F3C,2025-07-23,20:25:38,27.5,100.0,1.0,24.6398775,121.8336131
08BEAC252CE2,2025-07-23,20:26:30,33.2,85.0,1.0,24.87157,120.999122
08BEAC252BA0,2025-07-23,20:26:40,28.3,100.0,1.0,24.6752335,121.0590723
08BEAC245F3C,2025-07-23,20:30:51,27.6,100.0,0.0,24.6398775,121.8336131
08BEAC252CE2,2025-07-23,20:31:42,33.2,85.0,0.0,24.87157,120.999122
08BEAC252BA0,2025-07-23,20:31:52,28.5,100.0,1.0,24.6752335,121.0590723
08BEAC245F3C,2025-07-23,20:36:04,27.6,100.0,1.0,24.6398775,121.8336131
08BEAC252CE2,2025-07-23,20:37:02,33.2,85.0,1.0,24.87157,120.999122
08BEAC252BA0,2025-07-23,20:37:05,28.5,100.0,1.0,24.6752335,121.0590723
08BEAC245F3C,2025-07-23,20:41:18,27.6,100.0,1.0,24.6398775,121.8336131
08BEAC252CE2,2025-07-23,20:42:14,33.2,85.0,0.0,24.87157,120.999122
08BEAC252BA0,2025-07-23,20:42:18,28.5,100.0,1.0,24.6752335,121.0590723
08BEAC245F3C,2025-07-23,20:46:31,27.7,100.0,1.0,24.6398775,121.8336131
08BEAC252CE2,2025-07-23,20:47:27,33.2,85.0,0.0,24.87157,120.999122
08BEAC252BA0,2025-07-23,20:47:31,28.5,100.0,1.0,24.6752335,121.0590723
08BEAC245F3C,2025-07-23,20:51:45,27.6,100.0,1.0,24.6398775,121.8336131
08BEAC252CE2,2025-07-23,20:52:42,33.2,85.0,0.0,24.87157,120.999122
08BEAC252BA0,2025-07-23,20:52:44,28.5,100.0,1.0,24.6752335,121.0590723
08BEAC245F3C,2025-07-23,20:56:58,27.7,100.0,1.0,24.6398775,121.8336131
08BEAC252CE2,2025-07-23,20:57:53,33.2,85.0,0.0,24.87157,120.999122
08BEAC252BA0,2025-07-23,20:57:56,28.3,100.0,1.0,24.6752335,121.0590723
08BEAC245F3C,2025-07-23,21:02:12,27.7,100.0,1.0,24.6398775,121.8336131
08BEAC252CE2,2025-07-23,21:03:08,33.2,85.0,0.0,24.87157,120.999122
08BEAC252BA0,2025-07-23,21:03:10,28.3,100.0,1.0,24.6752335,121.0590723
08BEAC245F3C,2025-07-23,21:07:25,27.7,100.0,0.0,24.6398775,121.8336131
08BEAC252BA0,2025-07-23,21:08:22,28.3,100.0,1.0,24.6752335,121.0590723
08BEAC252CE2,2025-07-23,21:08:22,33.2,85.0,1.0,24.87157,120.999122
08BEAC245F3C,2025-07-23,21:12:39,27.8,100.0,0.0,24.6398775,121.8336131
08BEAC252BA0,2025-07-23,21:13:35,28.3,100.0,2.0,24.6752335,121.0590723
08BEAC252CE2,2025-07-23,21:13:35,33.2,86.0,1.0,24.87157,120.999122
08BEAC245F3C,2025-07-23,21:17:52,27.7,100.0,0.0,24.6398775,121.8336131
08BEAC252CE2,2025-07-23,21:18:47,33.2,86.0,1.0,24.87157,120.999122
08BEAC252BA0,2025-07-23,21:18:51,28.3,100.0,2.0,24.6752335,121.0590723
08BEAC245F3C,2025-07-23,21:23:04,27.8,100.0,0.0,24.6398775,121.8336131
08BEAC252CE2,2025-07-23,21:24:01,33.2,86.0,1.0,24.87157,120.999122
08BEAC252BA0,2025-07-23,21:24:03,28.3,100.0,2.0,24.6752335,121.0590723
08BEAC245F3C,2025-07-23,21:28:17,27.8,100.0,0.0,24.6398775,121.8336131
08BEAC252BA0,2025-07-23,21:29:16,28.3,100.0,2.0,24.6752335,121.0590723
08BEAC252CE2,2025-07-23,21:29:16,33.2,86.0,1.0,24.87157,120.999122
08BEAC245F3C,2025-07-23,21:33:30,27.8,100.0,0.0,24.6398775,121.8336131
08BEAC252CE2,2025-07-23,21:34:29,33.2,86.0,1.0,24.87157,120.999122
08BEAC252BA0,2025-07-23,21:34:59,28.2,100.0,1.0,24.6752335,121.0590723
08BEAC245F3C,2025-07-23,21:38:44,27.8,100.0,0.0,24.6398775,121.8336131
08BEAC252CE2,2025-07-23,21:39:41,33.2,86.0,1.0,24.87157,120.999122
08BEAC252BA0,2025-07-23,21:40:13,28.2,100.0,1.0,24.6752335,121.0590723
08BEAC245F3C,2025-07-23,21:43:58,27.8,100.0,0.0,24.6398775,121.8336131
08BEAC252BA0,2025-07-23,21:45:26,28.3,100.0,3.0,24.6752335,121.0590723
08BEAC245F3C,2025-07-23,21:49:12,27.7,100.0,0.0,24.6398775,121.8336131
08BEAC252CE2,2025-07-23,21:50:33,33.2,86.0,1.0,24.87157,120.999122
08BEAC252BA0,2025-07-23,21:50:40,28.3,100.0,2.0,24.6752335,121.0590723
08BEAC245F3C,2025-07-23,21:54:25,27.6,100.0,0.0,24.6398775,121.8336131
08BEAC252CE2,2025-07-23,21:55:48,33.2,86.0,0.0,24.87157,120.999122
08BEAC252BA0,2025-07-23,21:55:53,28.3,100.0,2.0,24.6752335,121.0590723
08BEAC245F3C,2025-07-23,21:59:39,27.6,100.0,0.0,24.6398775,121.8336131
08BEAC252CE2,2025-07-23,22:01:01,33.2,86.0,1.0,24.87157,120.999122
08BEAC252BA0,2025-07-23,22:01:05,28.2,100.0,2.0,24.6752335,121.0590723
08BEAC245F3C,2025-07-23,22:04:51,27.7,100.0,1.0,24.6398775,121.8336131
08BEAC252CE2,2025-07-23,22:06:13,33.2,86.0,1.0,24.87157,120.999122
08BEAC252BA0,2025-07-23,22:06:19,28.2,100.0,2.0,24.6752335,121.0590723
08BEAC245F3C,2025-07-23,22:10:07,27.7,100.0,0.0,24.6398775,121.8336131
08BEAC252CE2,2025-07-23,22:11:27,33.2,87.0,1.0,24.87157,120.999122
08BEAC252BA0,2025-07-23,22:11:32,28.2,100.0,2.0,24.6752335,121.0590723
08BEAC245F3C,2025-07-23,22:15:20,27.6,100.0,1.0,24.6398775,121.8336131
08BEAC252CE2,2025-07-23,22:16:40,33.2,87.0,1.0,24.87157,120.999122
08BEAC252BA0,2025-07-23,22:16:45,28.3,100.0,1.0,24.6752335,121.0590723
08BEAC245F3C,2025-07-23,22:20:33,27.7,100.0,0.0,24.6398775,121.8336131
08BEAC252CE2,2025-07-23,22:21:53,33.2,87.0,1.0,24.87157,120.999122
08BEAC252BA0,2025-07-23,22:22:01,28.3,100.0,1.0,24.6752335,121.0590723
08BEAC245F3C,2025-07-23,22:25:46,27.8,100.0,0.0,24.6398775,121.8336131
08BEAC252CE2,2025-07-23,22:27:08,33.2,87.0,1.0,24.87157,120.999122
08BEAC252BA0,2025-07-23,22:27:14,28.5,100.0,1.0,24.6752335,121.0590723
08BEAC245F3C,2025-07-23,22:30:59,28.0,100.0,0.0,24.6398775,121.8336131
08BEAC252CE2,2025-07-23,22:32:20,33.2,87.0,1.0,24.87157,120.999122
08BEAC252BA0,2025-07-23,22:32:26,28.6,100.0,1.0,24.6752335,121.0590723
08BEAC245F3C,2025-07-23,22:36:13,28.0,100.0,0.0,24.6398775,121.8336131
08BEAC252CE2,2025-07-23,22:37:32,33.2,88.0,1.0,24.87157,120.999122
08BEAC252BA0,2025-07-23,22:37:43,28.6,100.0,1.0,24.6752335,121.0590723
08BEAC245F3C,2025-07-23,22:41:27,28.1,100.0,0.0,24.6398775,121.8336131
08BEAC252CE2,2025-07-23,22:42:45,33.2,88.0,1.0,24.87157,120.999122
08BEAC252BA0,2025-07-23,22:42:59,28.6,100.0,1.0,24.6752335,121.0590723
08BEAC245F3C,2025-07-23,22:46:39,28.1,100.0,0.0,24.6398775,121.8336131
08BEAC252CE2,2025-07-23,22:47:59,33.2,88.0,1.0,24.87157,120.999122
08BEAC252BA0,2025-07-23,22:48:13,28.7,100.0,1.0,24.6752335,121.0590723
08BEAC245F3C,2025-07-23,22:51:54,28.1,100.0,0.0,24.6398775,121.8336131
08BEAC252CE2,2025-07-23,22:53:11,33.2,88.0,1.0,24.87157,120.999122
08BEAC252BA0,2025-07-23,22:53:26,28.7,100.0,1.0,24.6752335,121.0590723
08BEAC245F3C,2025-07-23,22:57:06,28.1,100.0,1.0,24.6398775,121.8336131
08BEAC252CE2,2025-07-23,22:58:24,33.2,88.0,1.0,24.87157,120.999122
08BEAC252BA0,2025-07-23,22:58:40,28.8,100.0,1.0,24.6752335,121.0590723
08BEAC245F3C,2025-07-23,23:02:23,28.2,100.0,1.0,24.6398775,121.8336131
08BEAC252CE2,2025-07-23,23:03:36,33.3,88.0,1.0,24.87157,120.999122
08BEAC252BA0,2025-07-23,23:03:54,29.0,100.0,1.0,24.6752335,121.0590723
08BEAC245F3C,2025-07-23,23:07:35,28.2,100.0,0.0,24.6398775,121.8336131
08BEAC252CE2,2025-07-23,23:08:48,33.3,88.0,1.0,24.87157,120.999122
08BEAC252BA0,2025-07-23,23:09:08,29.1,100.0,1.0,24.6752335,121.0590723
08BEAC245F3C,2025-07-23,23:12:49,28.3,100.0,1.0,24.6398775,121.8336131
08BEAC252CE2,2025-07-23,23:14:03,33.3,88.0,1.0,24.87157,120.999122
08BEAC252BA0,2025-07-23,23:14:21,29.2,100.0,0.0,24.6752335,121.0590723
08BEAC245F3C,2025-07-23,23:18:01,28.5,100.0,1.0,24.6398775,121.8336131
08BEAC252CE2,2025-07-23,23:19:16,33.3,88.0,1.0,24.87157,120.999122
08BEAC245F3C,2025-07-23,23:23:15,28.6,100.0,1.0,24.6398775,121.8336131
08BEAC252CE2,2025-07-23,23:24:28,33.3,88.0,1.0,24.87157,120.999122
08BEAC252BA0,2025-07-23,23:24:43,29.5,100.0,0.0,24.6752335,121.0590723
08BEAC245F3C,2025-07-23,23:28:28,28.7,100.0,0.0,24.6398775,121.8336131
08BEAC252CE2,2025-07-23,23:29:42,33.3,88.0,1.0,24.87157,120.999122
08BEAC252BA0,2025-07-23,23:29:56,29.6,100.0,0.0,24.6752335,121.0590723
08BEAC245F3C,2025-07-23,23:33:40,28.7,100.0,0.0,24.6398775,121.8336131
08BEAC252CE2,2025-07-23,23:34:53,33.3,88.0,1.0,24.87157,120.999122
08BEAC252BA0,2025-07-23,23:35:12,29.7,100.0,0.0,24.6752335,121.0590723
08BEAC245F3C,2025-07-23,23:38:52,28.8,100.0,1.0,24.6398775,121.8336131
08BEAC252CE2,2025-07-23,23:40:09,33.5,87.0,1.0,24.87157,120.999122
08BEAC252BA0,2025-07-23,23:40:24,29.8,100.0,0.0,24.6752335,121.0590723
08BEAC245F3C,2025-07-23,23:44:06,28.8,100.0,1.0,24.6398775,121.8336131
08BEAC252CE2,2025-07-23,23:45:21,33.5,87.0,1.0,24.87157,120.999122
08BEAC252BA0,2025-07-23,23:45:36,30.0,100.0,0.0,24.6752335,121.0590723
08BEAC245F3C,2025-07-23,23:49:19,28.7,100.0,1.0,24.6398775,121.8336131
08BEAC252CE2,2025-07-23,23:50:34,33.5,87.0,1.0,24.87157,120.999122
08BEAC252BA0,2025-07-23,23:50:48,30.0,100.0,0.0,24.6752335,121.0590723
08BEAC245F3C,2025-07-23,23:54:33,28.7,100.0,1.0,24.6398775,121.8336131
