device_id,date,time,temperature,RH,PM2.5,lat,lon
08BEAC252BA0,2026-08-05,00:02:09,30.5,100.0,5.0,24.6752335,121.0590723
08BEAC245F6A,2026-08-05,00:02:23,30.3,100.0,3.0,24.7457187,121.0847249
08BEAC252BA0,2026-08-05,00:07:49,30.6,100.0,4.0,24.6752335,121.0590723
08BEAC245F6A,2026-08-05,00:08:02,30.6,100.0,3.0,24.7457187,121.0847249
08BEAC252BA0,2026-08-05,00:13:29,30.6,100.0,4.0,24.6752335,121.0590723
08BEAC245F6A,2026-08-05,00:13:42,31.0,100.0,3.0,24.7457187,121.0847249
08BEAC252BA0,2026-08-05,00:19:09,30.6,100.0,4.0,24.6752335,121.0590723
08BEAC245F6A,2026-08-05,00:19:23,31.2,100.0,3.0,24.7457187,121.0847249
08BEAC252BA0,2026-08-05,00:24:50,30.6,100.0,4.0,24.6752335,121.0590723
08BEAC245F6A,2026-08-05,00:25:02,31.7,100.0,4.0,24.7457187,121.0847249
08BEAC252BA0,2026-08-05,00:30:33,30.5,100.0,5.0,24.6752335,121.0590723
08BEAC245F6A,2026-08-05,00:30:43,32.0,100.0,4.0,24.7457187,121.0847249
08BEAC252BA0,2026-08-05,00:36:13,30.5,100.0,5.0,24.6752335,121.0590723
08BEAC245F6A,2026-08-05,00:36:24,32.5,100.0,4.0,24.7457187,121.0847249
08BEAC252BA0,2026-08-05,00:41:55,30.5,100.0,5.0,24.6752335,121.0590723
08BEAC245F6A,2026-08-05,00:42:04,32.8,100.0,4.0,24.7457187,121.0847249
08BEAC252BA0,2026-08-05,00:47:39,30.5,100.0,5.0,24.6752335,121.0590723
08BEAC245F6A,2026-08-05,00:47:44,32.8,100.0,4.0,24.7457187,121.0847249
08BEAC252BA0,2026-08-05,00:53:20,30.5,100.0,5.0,24.6752335,121.0590723
08BEAC245F6A,2026-08-05,00:53:25,32.8,100.0,6.0,24.7457187,121.0847249
08BEAC252BA0,2026-08-05,00:59:01,30.6,100.0,6.0,24.6752335,121.0590723
08BEAC245F6A,2026-08-05,00:59:05,32.8,100.0,6.0,24.7457187,121.0847249
08BEAC252BA0,2026-08-05,01:04:42,30.7,100.0,5.0,24.6752335,121.0590723
08BEAC245F6A,2026-08-05,01:04:46,32.6,100.0,6.0,24.7457187,121.0847249
08BEAC252BA0,2026-08-05,01:10:23,30.8,100.0,6.0,24.6752335,121.0590723
08BEAC245F6A,2026-08-05,01:10:27,32.5,100.0,6.0,24.7457187,121.0847249
08BEAC252BA0,2026-08-05,01:16:03,31.0,100.0,6.0,24.6752335,121.0590723
08BEAC245F6A,2026-08-05,01:16:07,32.7,100.0,6.0,24.7457187,121.0847249
08BEAC252BA0,2026-08-05,01:21:44,30.8,100.0,6.0,24.6752335,121.0590723
08BEAC245F6A,2026-08-05,01:21:48,33.0,100.0,6.0,24.7457187,121.0847249
08BEAC252BA0,2026-08-05,01:27:23,31.0,100.0,6.0,24.6752335,121.0590723
08BEAC245F6A,2026-08-05,01:27:28,33.1,100.0,6.0,24.7457187,121.0847249
08BEAC252BA0,2026-08-05,01:33:04,31.1,100.0,6.0,24.6752335,121.0590723
08BEAC245F6A,2026-08-05,01:33:08,33.2,100.0,6.0,24.7457187,121.0847249
08BEAC252BA0,2026-08-05,01:38:45,31.0,100.0,6.0,24.6752335,121.0590723
08BEAC245F6A,2026-08-05,01:38:49,33.1,100.0,6.0,24.7457187,121.0847249
08BEAC252BA0,2026-08-05,01:44:25,31.0,100.0,6.0,24.6752335,121.0590723
08BEAC245F6A,2026-08-05,01:44:29,33.0,100.0,6.0,24.7457187,121.0847249
08BEAC252BA0,2026-08-05,01:50:04,31.1,100.0,6.0,24.6752335,121.0590723
08BEAC245F6A,2026-08-05,01:50:09,33.3,100.0,6.0,24.7457187,121.0847249
08BEAC252BA0,2026-08-05,01:55:45,31.1,100.0,6.0,24.6752335,121.0590723
08BEAC245F6A,2026-08-05,01:55:50,33.6,100.0,6.0,24.7457187,121.0847249
08BEAC252BA0,2026-08-05,02:01:26,31.2,100.0,5.0,24.6752335,121.0590723
08BEAC245F6A,2026-08-05,02:01:29,33.8,100.0,6.0,24.7457187,121.0847249
08BEAC252BA0,2026-08-05,02:07:06,31.2,100.0,6.0,24.6752335,121.0590723
08BEAC245F6A,2026-08-05,02:07:10,34.0,100.0,7.0,24.7457187,121.0847249
08BEAC252BA0,2026-08-05,02:12:47,31.2,100.0,6.0,24.6752335,121.0590723
08BEAC245F6A,2026-08-05,02:12:50,33.8,100.0,7.0,24.7457187,121.0847249
08BEAC252BA0,2026-08-05,02:18:27,31.3,100.0,5.0,24.6752335,121.0590723
08BEAC245F6A,2026-08-05,02:18:30,34.1,100.0,6.0,24.7457187,121.0847249
08BEAC252BA0,2026-08-05,02:24:07,31.5,100.0,5.0,24.6752335,121.0590723
08BEAC245F6A,2026-08-05,02:24:11,34.2,100.0,6.0,24.7457187,121.0847249
08BEAC252BA0,2026-08-05,02:29:47,31.6,100.0,5.0,24.6752335,121.0590723
08BEAC245F6A,2026-08-05,02:29:52,34.1,100.0,6.0,24.7457187,121.0847249
08BEAC252BA0,2026-08-05,02:35:28,31.5,100.0,5.0,24.6752335,121.0590723
08BEAC245F6A,2026-08-05,02:35:31,34.1,100.0,6.0,24.7457187,121.0847249
08BEAC252BA0,2026-08-05,02:41:08,31.5,100.0,5.0,24.6752335,121.0590723
08BEAC245F6A,2026-08-05,02:41:12,34.2,100.0,7.0,24.7457187,121.0847249
08BEAC252BA0,2026-08-05,02:46:48,31.5,100.0,5.0,24.6752335,121.0590723
08BEAC245F6A,2026-08-05,02:46:52,34.0,100.0,6.0,24.7457187,121.0847249
08BEAC252BA0,2026-08-05,02:52:28,31.5,100.0,6.0,24.6752335,121.0590723
08BEAC245F6A,2026-08-05,02:52:32,34.0,100.0,6.0,24.7457187,121.0847249
08BEAC252BA0,2026-08-05,02:58:07,31.7,100.0,5.0,24.6752335,121.0590723
08BEAC245F6A,2026-08-05,02:58:13,33.8,100.0,7.0,24.7457187,121.0847249
08BEAC252BA0,2026-08-05,03:03:47,31.7,100.0,5.0,24.6752335,121.0590723
08BEAC245F6A,2026-08-05,03:03:53,33.7,100.0,7.0,24.7457187,121.0847249
08BEAC252BA0,2026-08-05,03:09:28,31.8,100.0,5.0,24.6752335,121.0590723
08BEAC245F6A,2026-08-05,03:09:32,33.6,100.0,7.0,24.7457187,121.0847249
08BEAC252BA0,2026-08-05,03:15:08,31.7,100.0,5.0,24.6752335,121.0590723
08BEAC245F6A,2026-08-05,03:15:13,33.5,100.0,8.0,24.7457187,121.0847249
08BEAC252BA0,2026-08-05,03:20:48,31.7,100.0,6.0,24.6752335,121.0590723
08BEAC245F6A,2026-08-05,03:20:53,33.5,100.0,9.0,24.7457187,121.0847249
08BEAC252BA0,2026-08-05,03:26:29,31.7,100.0,6.0,24.6752335,121.0590723
08BEAC245F6A,2026-08-05,03:26:33,33.5,100.0,9.0,24.7457187,121.0847249
08BEAC252BA0,2026-08-05,03:32:09,31.6,100.0,7.0,24.6752335,121.0590723
08BEAC245F6A,2026-08-05,03:32:15,33.7,100.0,9.0,24.7457187,121.0847249
08BEAC252BA0,2026-08-05,03:37:49,31.5,100.0,6.0,24.6752335,121.0590723
08BEAC245F6A,2026-08-05,03:37:56,33.8,100.0,8.0,24.7457187,121.0847249
08BEAC252BA0,2026-08-05,03:43:29,31.5,100.0,7.0,24.6752335,121.0590723
08BEAC245F6A,2026-08-05,03:43:36,33.6,100.0,8.0,24.7457187,121.0847249
08BEAC252BA0,2026-08-05,03:49:10,31.5,100.0,7.0,24.6752335,121.0590723
08BEAC245F6A,2026-08-05,03:49:17,33.6,100.0,8.0,24.7457187,121.0847249
08BEAC252BA0,2026-08-05,03:54:50,31.3,100.0,7.0,24.6752335,121.0590723
08BEAC245F6A,2026-08-05,03:54:58,33.7,100.0,8.0,24.7457187,121.0847249
08BEAC252BA0,2026-08-05,04:00:31,31.5,100.0,7.0,24.6752335,121.0590723
08BEAC245F6A,2026-08-05,04:00:38,33.8,100.0,9.0,24.7457187,121.0847249
08BEAC252BA0,2026-08-05,04:06:12,31.3,100.0,7.0,24.6752335,121.0590723
08BEAC245F6A,2026-08-05,04:06:19,34.2,100.0,8.0,24.7457187,121.0847249
08BEAC252BA0,2026-08-05,04:11:51,31.3,100.0,7.0,24.6752335,121.0590723
08BEAC245F6A,2026-08-05,04:11:58,34.1,100.0,8.0,24.7457187,121.0847249
08BEAC252BA0,2026-08-05,04:17:32,31.3,100.0,7.0,24.6752335,121.0590723
08BEAC245F6A,2026-08-05,04:17:38,34.1,100.0,9.0,24.7457187,121.0847249
08BEAC252BA0,2026-08-05,04:23:13,31.5,100.0,7.0,24.6752335,121.0590723
08BEAC245F6A,2026-08-05,04:23:19,34.1,100.0,9.0,24.7457187,121.0847249
08BEAC252BA0,2026-08-05,04:28:53,31.6,100.0,7.0,24.6752335,121.0590723
08BEAC245F6A,2026-08-05,04:28:59,34.1,100.0,9.0,24.7457187,121.0847249
08BEAC252BA0,2026-08-05,04:34:33,31.5,100.0,7.0,24.6752335,121.0590723
08BEAC245F6A,2026-08-05,04:34:40,34.1,100.0,9.0,24.7457187,121.0847249
08BEAC252BA0,2026-08-05,04:40:13,31.5,100.0,8.0,24.6752335,121.0590723
08BEAC245F6A,2026-08-05,04:40:20,34.1,100.0,9.0,24.7457187,121.0847249
08BEAC252BA0,2026-08-05,04:45:53,31.7,100.0,8.0,24.6752335,121.0590723
08BEAC245F6A,2026-08-05,04:46:00,34.2,100.0,9.0,24.7457187,121.0847249
08BEAC252BA0,2026-08-05,04:51:34,31.8,100.0,8.0,24.6752335,121.0590723
08BEAC245F6A,2026-08-05,04:51:41,34.1,100.0,9.0,24.7457187,121.0847249
08BEAC252BA0,2026-08-05,04:57:14,32.1,100.0,7.0,24.6752335,121.0590723
08BEAC245F6A,2026-08-05,04:57:22,34.2,100.0,9.0,24.7457187,121.0847249
08BEAC252BA0,2026-08-05,05:02:55,32.1,100.0,7.0,24.6752335,121.0590723
08BEAC245F6A,2026-08-05,05:03:02,34.1,100.0,9.0,24.7457187,121.0847249
08BEAC252BA0,2026-08-05,05:08:36,32.1,100.0,7.0,24.6752335,121.0590723
08BEAC245F6A,2026-08-05,05:08:43,33.8,100.0,9.0,24.7457187,121.0847249
08BEAC252BA0,2026-08-05,05:14:17,32.1,100.0,7.0,24.6752335,121.0590723
08BEAC245F6A,2026-08-05,05:14:23,33.8,100.0,9.0,24.7457187,121.0847249
08BEAC252BA0,2026-08-05,05:19:57,32.0,100.0,7.0,24.6752335,121.0590723
08BEAC245F6A,2026-08-05,05:20:02,33.8,100.0,9.0,24.7457187,121.0847249
08BEAC252BA0,2026-08-05,05:25:38,31.8,100.0,6.0,24.6752335,121.0590723
08BEAC245F6A,2026-08-05,05:25:43,33.7,100.0,9.0,24.7457187,121.0847249
08BEAC252BA0,2026-08-05,05:31:19,31.8,100.0,7.0,24.6752335,121.0590723
08BEAC245F6A,2026-08-05,05:31:25,33.6,100.0,10.0,24.7457187,121.0847249
08BEAC252BA0,2026-08-05,05:36:58,31.8,100.0,7.0,24.6752335,121.0590723
08BEAC245F6A,2026-08-05,05:37:05,33.7,100.0,9.0,24.7457187,121.0847249
08BEAC252BA0,2026-08-05,05:42:38,31.8,100.0,7.0,24.6752335,121.0590723
08BEAC245F6A,2026-08-05,05:42:46,33.8,100.0,10.0,24.7457187,121.0847249
08BEAC252BA0,2026-08-05,05:48:19,32.0,100.0,7.0,24.6752335,121.0590723
08BEAC245F6A,2026-08-05,05:48:27,33.8,100.0,9.0,24.7457187,121.0847249
08BEAC252BA0,2026-08-05,05:53:59,32.2,100.0,7.0,24.6752335,121.0590723
08BEAC245F6A,2026-08-05,05:54:06,33.8,100.0,9.0,24.7457187,121.0847249
08BEAC252BA0,2026-08-05,05:59:40,32.2,100.0,6.0,24.6752335,121.0590723
08BEAC245F6A,2026-08-05,05:59:47,33.7,100.0,9.0,24.7457187,121.0847249
08BEAC252BA0,2026-08-05,06:05:19,32.2,100.0,7.0,24.6752335,121.0590723
08BEAC245F6A,2026-08-05,06:05:27,33.8,100.0,9.0,24.7457187,121.0847249
08BEAC252BA0,2026-08-05,06:11:00,32.3,100.0,7.0,24.6752335,121.0590723
08BEAC245F6A,2026-08-05,06:11:09,33.8,100.0,9.0,24.7457187,121.0847249
08BEAC252BA0,2026-08-05,06:16:41,32.5,100.0,7.0,24.6752335,121.0590723
08BEAC245F6A,2026-08-05,06:16:50,34.1,100.0,9.0,24.7457187,121.0847249
08BEAC252BA0,2026-08-05,06:22:20,32.5,100.0,6.0,24.6752335,121.0590723
08BEAC245F6A,2026-08-05,06:22:30,34.0,100.0,9.0,24.7457187,121.0847249
08BEAC252BA0,2026-08-05,06:28:00,32.6,100.0,6.0,24.6752335,121.0590723
08BEAC245F6A,2026-08-05,06:28:10,33.8,100.0,10.0,24.7457187,121.0847249
08BEAC252BA0,2026-08-05,06:33:40,32.5,100.0,7.0,24.6752335,121.0590723
08BEAC245F6A,2026-08-05,06:33:50,33.7,100.0,9.0,24.7457187,121.0847249
08BEAC252BA0,2026-08-05,06:39:20,32.6,100.0,7.0,24.6752335,121.0590723
08BEAC245F6A,2026-08-05,06:39:29,33.6,100.0,9.0,24.7457187,121.0847249
08BEAC252BA0,2026-08-05,06:45:01,32.5,100.0,7.0,24.6752335,121.0590723
08BEAC245F6A,2026-08-05,06:45:09,33.6,100.0,9.0,24.7457187,121.0847249
08BEAC252BA0,2026-08-05,06:50:42,32.6,100.0,7.0,24.6752335,121.0590723
08BEAC245F6A,2026-08-05,06:50:50,33.6,100.0,9.0,24.7457187,121.0847249
08BEAC252BA0,2026-08-05,06:56:24,32.6,100.0,6.0,24.6752335,121.0590723
08BEAC245F6A,2026-08-05,06:56:29,33.7,100.0,9.0,24.7457187,121.0847249
08BEAC252BA0,2026-08-05,07:02:04,32.5,100.0,6.0,24.6752335,121.0590723
08BEAC245F6A,2026-08-05,07:02:10,33.8,100.0,9.0,24.7457187,121.0847249
08BEAC252BA0,2026-08-05,07:07:43,32.2,100.0,6.0,24.6752335,121.0590723
08BEAC245F6A,2026-08-05,07:07:52,33.7,100.0,9.0,24.7457187,121.0847249
08BEAC252BA0,2026-08-05,07:13:25,32.0,100.0,6.0,24.6752335,121.0590723
08BEAC245F6A,2026-08-05,07:13:31,33.6,100.0,9.0,24.7457187,121.0847249
08BEAC252BA0,2026-08-05,07:19:05,32.0,100.0,6.0,24.6752335,121.0590723
08BEAC245F6A,2026-08-05,07:19:11,33.6,100.0,9.0,24.7457187,121.0847249
08BEAC252BA0,2026-08-05,07:24:45,32.1,100.0,6.0,24.6752335,121.0590723
08BEAC245F6A,2026-08-05,07:24:50,33.6,100.0,9.0,24.7457187,121.0847249
08BEAC252BA0,2026-08-05,07:30:25,32.1,100.0,6.0,24.6752335,121.0590723
08BEAC245F6A,2026-08-05,07:30:31,33.6,100.0,9.0,24.7457187,121.0847249
08BEAC252BA0,2026-08-05,07:36:06,32.1,100.0,6.0,24.6752335,121.0590723
08BEAC245F6A,2026-08-05,07:36:12,33.7,100.0,9.0,24.7457187,121.0847249
08BEAC252BA0,2026-08-05,07:41:47,32.0,100.0,6.0,24.6752335,121.0590723
08BEAC245F6A,2026-08-05,07:41:52,33.7,100.0,9.0,24.7457187,121.0847249
08BEAC252BA0,2026-08-05,07:47:26,31.8,100.0,6.0,24.6752335,121.0590723
08BEAC245F6A,2026-08-05,07:47:32,33.6,100.0,9.0,24.7457187,121.0847249
08BEAC252BA0,2026-08-05,07:53:06,31.8,100.0,5.0,24.6752335,121.0590723
08BEAC245F6A,2026-08-05,07:53:13,33.3,100.0,9.0,24.7457187,121.0847249
08BEAC252BA0,2026-08-05,07:58:47,31.8,100.0,6.0,24.6752335,121.0590723
08BEAC245F6A,2026-08-05,07:58:54,33.3,100.0,9.0,24.7457187,121.0847249
08BEAC252BA0,2026-08-05,08:04:28,32.0,100.0,6.0,24.6752335,121.0590723
08BEAC245F6A,2026-08-05,08:04:34,33.2,100.0,9.0,24.7457187,121.0847249
08BEAC252BA0,2026-08-05,08:10:07,32.0,100.0,6.0,24.6752335,121.0590723
08BEAC245F6A,2026-08-05,08:10:15,33.2,100.0,9.0,24.7457187,121.0847249
08BEAC252BA0,2026-08-05,08:15:48,32.0,100.0,6.0,24.6752335,121.0590723
08BEAC245F6A,2026-08-05,08:15:55,33.2,100.0,9.0,24.7457187,121.0847249
08BEAC252BA0,2026-08-05,08:21:29,32.0,100.0,6.0,24.6752335,121.0590723
08BEAC245F6A,2026-08-05,08:21:35,33.2,100.0,9.0,24.7457187,121.0847249
08BEAC252BA0,2026-08-05,08:27:10,32.1,100.0,6.0,24.6752335,121.0590723
08BEAC245F6A,2026-08-05,08:27:15,33.1,100.0,8.0,24.7457187,121.0847249
08BEAC252BA0,2026-08-05,08:32:50,32.0,100.0,6.0,24.6752335,121.0590723
08BEAC245F6A,2026-08-05,08:32:56,33.2,100.0,9.0,24.7457187,121.0847249
08BEAC252BA0,2026-08-05,08:38:30,31.8,100.0,6.0,24.6752335,121.0590723
08BEAC245F6A,2026-08-05,08:38:36,33.1,100.0,8.0,24.7457187,121.0847249
08BEAC252BA0,2026-08-05,08:44:11,31.6,100.0,7.0,24.6752335,121.0590723
08BEAC245F6A,2026-08-05,08:44:17,33.1,100.0,7.0,24.7457187,121.0847249
08BEAC252BA0,2026-08-05,08:49:52,31.3,100.0,7.0,24.6752335,121.0590723
08BEAC245F6A,2026-08-05,08:49:57,33.1,100.0,7.0,24.7457187,121.0847249
08BEAC252BA0,2026-08-05,08:55:32,31.2,100.0,7.0,24.6752335,121.0590723
08BEAC245F6A,2026-08-05,08:55:36,33.1,100.0,7.0,24.7457187,121.0847249
08BEAC252BA0,2026-08-05,09:01:12,31.2,100.0,7.0,24.6752335,121.0590723
08BEAC245F6A,2026-08-05,09:01:16,33.0,100.0,6.0,24.7457187,121.0847249
08BEAC252BA0,2026-08-05,09:06:53,31.0,100.0,7.0,24.6752335,121.0590723
08BEAC245F6A,2026-08-05,09:06:57,33.0,100.0,6.0,24.7457187,121.0847249
08BEAC252BA0,2026-08-05,09:12:33,30.8,100.0,7.0,24.6752335,121.0590723
08BEAC245F6A,2026-08-05,09:12:37,32.8,100.0,6.0,24.7457187,121.0847249
08BEAC252BA0,2026-08-05,09:18:13,31.0,100.0,7.0,24.6752335,121.0590723
08BEAC245F6A,2026-08-05,09:18:18,32.8,100.0,6.0,24.7457187,121.0847249
08BEAC252BA0,2026-08-05,09:23:53,31.1,100.0,7.0,24.6752335,121.0590723
08BEAC245F6A,2026-08-05,09:23:58,32.8,100.0,6.0,24.7457187,121.0847249
08BEAC252BA0,2026-08-05,09:29:33,31.1,100.0,8.0,24.6752335,121.0590723
08BEAC245F6A,2026-08-05,09:29:38,32.7,100.0,7.0,24.7457187,121.0847249
08BEAC252BA0,2026-08-05,09:35:14,31.0,100.0,7.0,24.6752335,121.0590723
08BEAC245F6A,2026-08-05,09:35:18,32.7,100.0,7.0,24.7457187,121.0847249
08BEAC252BA0,2026-08-05,09:40:54,31.0,100.0,7.0,24.6752335,121.0590723
08BEAC245F6A,2026-08-05,09:40:58,32.6,100.0,7.0,24.7457187,121.0847249
08BEAC252BA0,2026-08-05,09:46:34,30.8,100.0,8.0,24.6752335,121.0590723
08BEAC245F6A,2026-08-05,09:46:37,32.6,100.0,7.0,24.7457187,121.0847249
08BEAC252BA0,2026-08-05,09:52:13,30.7,100.0,8.0,24.6752335,121.0590723
08BEAC245F6A,2026-08-05,09:52:18,32.5,100.0,7.0,24.7457187,121.0847249
08BEAC252BA0,2026-08-05,09:57:53,30.6,100.0,8.0,24.6752335,121.0590723
08BEAC252BA0,2026-08-05,10:03:34,30.6,100.0,8.0,24.6752335,121.0590723
08BEAC245F6A,2026-08-05,10:03:39,32.3,100.0,6.0,24.7457187,121.0847249
08BEAC252BA0,2026-08-05,10:09:14,30.5,100.0,7.0,24.6752335,121.0590723
08BEAC245F6A,2026-08-05,10:09:19,32.2,100.0,6.0,24.7457187,121.0847249
08BEAC252BA0,2026-08-05,10:14:55,30.3,100.0,7.0,24.6752335,121.0590723
08BEAC245F6A,2026-08-05,10:15:00,32.3,100.0,6.0,24.7457187,121.0847249
08BEAC252BA0,2026-08-05,10:20:35,30.3,100.0,8.0,24.6752335,121.0590723
08BEAC245F6A,2026-08-05,10:20:39,32.2,100.0,6.0,24.7457187,121.0847249
08BEAC252BA0,2026-08-05,10:26:15,30.3,100.0,7.0,24.6752335,121.0590723
08BEAC245F6A,2026-08-05,10:26:19,32.1,100.0,6.0,24.7457187,121.0847249
08BEAC252BA0,2026-08-05,10:31:54,30.2,100.0,7.0,24.6752335,121.0590723
08BEAC245F6A,2026-08-05,10:32:00,32.1,100.0,7.0,24.7457187,121.0847249
08BEAC252BA0,2026-08-05,10:37:35,30.2,100.0,7.0,24.6752335,121.0590723
08BEAC245F6A,2026-08-05,10:37:40,32.0,100.0,7.0,24.7457187,121.0847249
08BEAC252BA0,2026-08-05,10:43:16,30.3,100.0,7.0,24.6752335,121.0590723
08BEAC245F6A,2026-08-05,10:43:21,32.0,100.0,7.0,24.7457187,121.0847249
08BEAC252BA0,2026-08-05,10:48:56,30.2,100.0,7.0,24.6752335,121.0590723
08BEAC245F6A,2026-08-05,10:49:02,31.8,100.0,7.0,24.7457187,121.0847249
08BEAC252BA0,2026-08-05,10:54:37,30.2,100.0,7.0,24.6752335,121.0590723
08BEAC245F6A,2026-08-05,10:54:42,31.7,100.0,7.0,24.7457187,121.0847249
08BEAC252BA0,2026-08-05,11:00:18,30.1,100.0,7.0,24.6752335,121.0590723
08BEAC245F6A,2026-08-05,11:00:22,31.6,100.0,7.0,24.7457187,121.0847249
08BEAC252BA0,2026-08-05,11:05:58,30.1,100.0,6.0,24.6752335,121.0590723
08BEAC245F6A,2026-08-05,11:06:02,31.6,100.0,8.0,24.7457187,121.0847249
08BEAC252BA0,2026-08-05,11:11:37,30.1,100.0,7.0,24.6752335,121.0590723
08BEAC245F6A,2026-08-05,11:11:42,31.6,100.0,8.0,24.7457187,121.0847249
08BEAC252BA0,2026-08-05,11:17:18,30.0,100.0,7.0,24.6752335,121.0590723
08BEAC245F6A,2026-08-05,11:17:23,31.5,100.0,9.0,24.7457187,121.0847249
08BEAC252BA0,2026-08-05,11:22:59,29.8,100.0,7.0,24.6752335,121.0590723
08BEAC245F6A,2026-08-05,11:23:03,31.5,100.0,8.0,24.7457187,121.0847249
08BEAC252BA0,2026-08-05,11:28:39,29.8,100.0,7.0,24.6752335,121.0590723
08BEAC245F6A,2026-08-05,11:28:43,31.5,100.0,8.0,24.7457187,121.0847249
08BEAC252BA0,2026-08-05,11:34:20,29.8,100.0,6.0,24.6752335,121.0590723
08BEAC245F6A,2026-08-05,11:34:46,31.3,100.0,8.0,24.7457187,121.0847249
08BEAC252BA0,2026-08-05,11:40:00,29.7,100.0,6.0,24.6752335,121.0590723
08BEAC245F6A,2026-08-05,11:40:26,31.2,100.0,9.0,24.7457187,121.0847249
08BEAC252BA0,2026-08-05,11:45:39,29.7,100.0,7.0,24.6752335,121.0590723
08BEAC245F6A,2026-08-05,11:46:06,31.2,100.0,13.0,24.7457187,121.0847249
08BEAC252BA0,2026-08-05,11:51:20,29.7,100.0,6.0,24.6752335,121.0590723
08BEAC245F6A,2026-08-05,11:51:46,31.1,100.0,17.0,24.7457187,121.0847249
08BEAC252BA0,2026-08-05,11:57:00,29.7,100.0,6.0,24.6752335,121.0590723
08BEAC245F6A,2026-08-05,11:57:26,31.0,100.0,11.0,24.7457187,121.0847249
08BEAC252BA0,2026-08-05,12:02:39,29.6,100.0,6.0,24.6752335,121.0590723
08BEAC245F6A,2026-08-05,12:03:06,31.0,100.0,14.0,24.7457187,121.0847249
08BEAC252BA0,2026-08-05,12:08:19,29.7,100.0,6.0,24.6752335,121.0590723
08BEAC245F6A,2026-08-05,12:08:46,30.8,100.0,11.0,24.7457187,121.0847249
08BEAC252BA0,2026-08-05,12:14:00,29.6,100.0,6.0,24.6752335,121.0590723
08BEAC245F6A,2026-08-05,12:14:26,30.7,100.0,9.0,24.7457187,121.0847249
08BEAC252BA0,2026-08-05,12:19:39,29.6,100.0,7.0,24.6752335,121.0590723
08BEAC245F6A,2026-08-05,12:20:06,30.5,100.0,8.0,24.7457187,121.0847249
08BEAC252BA0,2026-08-05,12:25:19,29.6,100.0,6.0,24.6752335,121.0590723
08BEAC245F6A,2026-08-05,12:25:46,30.3,100.0,8.0,24.7457187,121.0847249
08BEAC252BA0,2026-08-05,12:31:00,29.6,100.0,6.0,24.6752335,121.0590723
08BEAC245F6A,2026-08-05,12:31:27,30.2,100.0,9.0,24.7457187,121.0847249
08BEAC252BA0,2026-08-05,12:36:40,29.5,100.0,6.0,24.6752335,121.0590723
08BEAC245F6A,2026-08-05,12:37:07,30.3,100.0,8.0,24.7457187,121.0847249
08BEAC252BA0,2026-08-05,12:42:20,29.5,100.0,7.0,24.6752335,121.0590723
08BEAC245F6A,2026-08-05,12:42:47,30.3,100.0,9.0,24.7457187,121.0847249
08BEAC252BA0,2026-08-05,12:48:01,29.5,100.0,6.0,24.6752335,121.0590723
08BEAC245F6A,2026-08-05,12:48:27,30.2,100.0,9.0,24.7457187,121.0847249
08BEAC252BA0,2026-08-05,12:53:41,29.5,100.0,6.0,24.6752335,121.0590723
08BEAC245F6A,2026-08-05,12:54:08,30.0,100.0,9.0,24.7457187,121.0847249
08BEAC252BA0,2026-08-05,12:59:21,29.5,100.0,6.0,24.6752335,121.0590723
08BEAC245F6A,2026-08-05,12:59:47,30.1,100.0,9.0,24.7457187,121.0847249
08BEAC252BA0,2026-08-05,13:05:02,29.3,100.0,6.0,24.6752335,121.0590723
08BEAC245F6A,2026-08-05,13:05:28,30.2,100.0,9.0,24.7457187,121.0847249
08BEAC252BA0,2026-08-05,13:10:42,29.3,100.0,6.0,24.6752335,121.0590723
08BEAC245F6A,2026-08-05,13:11:09,30.5,100.0,9.0,24.7457187,121.0847249
08BEAC252BA0,2026-08-05,13:16:23,29.3,100.0,6.0,24.6752335,121.0590723
08BEAC245F6A,2026-08-05,13:17:11,30.5,100.0,9.0,24.7457187,121.0847249
08BEAC252BA0,2026-08-05,13:22:03,29.3,100.0,6.0,24.6752335,121.0590723
08BEAC245F6A,2026-08-05,13:22:51,30.3,100.0,9.0,24.7457187,121.0847249
08BEAC252BA0,2026-08-05,13:27:42,29.2,100.0,6.0,24.6752335,121.0590723
08BEAC245F6A,2026-08-05,13:28:32,30.1,100.0,10.0,24.7457187,121.0847249
08BEAC252BA0,2026-08-05,13:33:22,29.1,100.0,6.0,24.6752335,121.0590723
08BEAC245F6A,2026-08-05,13:34:11,29.7,100.0,9.0,24.7457187,121.0847249
08BEAC252BA0,2026-08-05,13:39:03,29.1,100.0,6.0,24.6752335,121.0590723
08BEAC245F6A,2026-08-05,13:39:51,29.7,100.0,10.0,24.7457187,121.0847249
08BEAC252BA0,2026-08-05,13:44:42,29.1,100.0,6.0,24.6752335,121.0590723
08BEAC245F6A,2026-08-05,13:45:32,29.5,100.0,9.0,24.7457187,121.0847249
08BEAC252BA0,2026-08-05,13:50:23,29.1,100.0,6.0,24.6752335,121.0590723
08BEAC245F6A,2026-08-05,13:51:11,29.7,100.0,9.0,24.7457187,121.0847249
08BEAC252BA0,2026-08-05,13:56:03,29.1,100.0,6.0,24.6752335,121.0590723
08BEAC245F6A,2026-08-05,13:56:51,29.8,100.0,10.0,24.7457187,121.0847249
08BEAC252BA0,2026-08-05,14:01:43,29.0,100.0,7.0,24.6752335,121.0590723
08BEAC245F6A,2026-08-05,14:02:32,29.7,100.0,9.0,24.7457187,121.0847249
08BEAC252BA0,2026-08-05,14:07:24,29.1,100.0,6.0,24.6752335,121.0590723
08BEAC245F6A,2026-08-05,14:08:12,29.7,100.0,11.0,24.7457187,121.0847249
08BEAC252BA0,2026-08-05,14:13:05,29.1,100.0,6.0,24.6752335,121.0590723
08BEAC245F6A,2026-08-05,14:13:52,29.8,100.0,11.0,24.7457187,121.0847249
08BEAC245F6A,2026-08-05,14:19:33,29.8,100.0,10.0,24.7457187,121.0847249
08BEAC252BA0,2026-08-05,14:23:55,29.0,100.0,7.0,24.6752335,121.0590723
08BEAC245F6A,2026-08-05,14:25:14,29.5,100.0,9.0,24.7457187,121.0847249
08BEAC252BA0,2026-08-05,14:29:35,29.0,100.0,7.0,24.6752335,121.0590723
08BEAC245F6A,2026-08-05,14:30:53,29.3,100.0,9.0,24.7457187,121.0847249
08BEAC252BA0,2026-08-05,14:35:18,28.8,100.0,7.0,24.6752335,121.0590723
08BEAC245F6A,2026-08-05,14:36:34,29.2,100.0,9.0,24.7457187,121.0847249
08BEAC252BA0,2026-08-05,14:40:58,29.0,100.0,6.0,24.6752335,121.0590723
08BEAC245F6A,2026-08-05,14:42:15,29.2,100.0,9.0,24.7457187,121.0847249
08BEAC252BA0,2026-08-05,14:46:38,28.8,100.0,7.0,24.6752335,121.0590723
08BEAC245F6A,2026-08-05,14:47:54,29.1,100.0,9.0,24.7457187,121.0847249
08BEAC252BA0,2026-08-05,14:52:19,28.8,100.0,6.0,24.6752335,121.0590723
08BEAC245F6A,2026-08-05,14:53:36,29.1,100.0,10.0,24.7457187,121.0847249
08BEAC252BA0,2026-08-05,14:57:58,28.8,100.0,7.0,24.6752335,121.0590723
08BEAC245F6A,2026-08-05,14:59:16,29.2,100.0,9.0,24.7457187,121.0847249
08BEAC252BA0,2026-08-05,15:03:39,28.7,100.0,7.0,24.6752335,121.0590723
08BEAC245F6A,2026-08-05,15:04:56,29.2,100.0,10.0,24.7457187,121.0847249
08BEAC252BA0,2026-08-05,15:09:20,28.7,100.0,7.0,24.6752335,121.0590723
08BEAC245F6A,2026-08-05,15:10:35,29.2,100.0,10.0,24.7457187,121.0847249
08BEAC252BA0,2026-08-05,15:15:01,28.7,100.0,7.0,24.6752335,121.0590723
08BEAC245F6A,2026-08-05,15:16:15,28.8,100.0,10.0,24.7457187,121.0847249
08BEAC252BA0,2026-08-05,15:20:40,28.7,100.0,7.0,24.6752335,121.0590723
08BEAC245F6A,2026-08-05,15:21:55,28.8,100.0,10.0,24.7457187,121.0847249
08BEAC252BA0,2026-08-05,15:26:20,28.7,100.0,7.0,24.6752335,121.0590723
08BEAC245F6A,2026-08-05,15:27:34,29.0,100.0,10.0,24.7457187,121.0847249
08BEAC252BA0,2026-08-05,15:32:00,28.7,100.0,7.0,24.6752335,121.0590723
08BEAC245F6A,2026-08-05,15:33:15,29.1,100.0,10.0,24.7457187,121.0847249
08BEAC252BA0,2026-08-05,15:37:39,28.6,100.0,7.0,24.6752335,121.0590723
08BEAC245F6A,2026-08-05,15:38:55,28.8,100.0,10.0,24.7457187,121.0847249
08BEAC252BA0,2026-08-05,15:43:20,28.7,100.0,7.0,24.6752335,121.0590723
08BEAC245F6A,2026-08-05,15:44:35,28.8,100.0,10.0,24.7457187,121.0847249
08BEAC252BA0,2026-08-05,15:49:02,28.7,100.0,7.0,24.6752335,121.0590723
08BEAC245F6A,2026-08-05,15:50:15,28.7,100.0,11.0,24.7457187,121.0847249
08BEAC252BA0,2026-08-05,15:54:42,28.6,100.0,7.0,24.6752335,121.0590723
08BEAC245F6A,2026-08-05,15:55:56,28.8,100.0,10.0,24.7457187,121.0847249
08BEAC252BA0,2026-08-05,16:00:23,28.6,100.0,7.0,24.6752335,121.0590723
08BEAC245F6A,2026-08-05,16:01:36,28.7,100.0,10.0,24.7457187,121.0847249
08BEAC252BA0,2026-08-05,16:06:03,28.6,100.0,7.0,24.6752335,121.0590723
08BEAC245F6A,2026-08-05,16:07:17,28.7,100.0,10.0,24.7457187,121.0847249
08BEAC252BA0,2026-08-05,16:11:43,28.6,100.0,7.0,24.6752335,121.0590723
08BEAC245F6A,2026-08-05,16:12:57,28.7,100.0,10.0,24.7457187,121.0847249
08BEAC252BA0,2026-08-05,16:17:22,28.6,100.0,7.0,24.6752335,121.0590723
08BEAC245F6A,2026-08-05,16:18:37,28.6,100.0,10.0,24.7457187,121.0847249
08BEAC252BA0,2026-08-05,16:23:02,28.6,100.0,7.0,24.6752335,121.0590723
08BEAC245F6A,2026-08-05,16:24:17,28.6,100.0,10.0,24.7457187,121.0847249
08BEAC252BA0,2026-08-05,16:28:43,28.6,100.0,8.0,24.6752335,121.0590723
08BEAC245F6A,2026-08-05,16:29:57,28.6,100.0,10.0,24.7457187,121.0847249
08BEAC252BA0,2026-08-05,16:34:23,28.6,100.0,7.0,24.6752335,121.0590723
08BEAC245F6A,2026-08-05,16:35:37,28.6,100.0,11.0,24.7457187,121.0847249
08BEAC252BA0,2026-08-05,16:40:03,28.6,100.0,7.0,24.6752335,121.0590723
08BEAC245F6A,2026-08-05,16:41:16,28.5,100.0,11.0,24.7457187,121.0847249
08BEAC252BA0,2026-08-05,16:45:43,28.6,100.0,8.0,24.6752335,121.0590723
08BEAC245F6A,2026-08-05,16:46:56,28.5,100.0,11.0,24.7457187,121.0847249
08BEAC252BA0,2026-08-05,16:51:22,28.6,100.0,7.0,24.6752335,121.0590723
08BEAC245F6A,2026-08-05,16:52:36,28.6,100.0,11.0,24.7457187,121.0847249
08BEAC252BA0,2026-08-05,16:57:02,28.5,100.0,8.0,24.6752335,121.0590723
08BEAC245F6A,2026-08-05,16:58:16,28.5,100.0,11.0,24.7457187,121.0847249
08BEAC252BA0,2026-08-05,17:02:42,28.5,100.0,8.0,24.6752335,121.0590723
08BEAC245F6A,2026-08-05,17:03:55,28.5,100.0,11.0,24.7457187,121.0847249
08BEAC252BA0,2026-08-05,17:08:22,28.5,100.0,8.0,24.6752335,121.0590723
08BEAC245F6A,2026-08-05,17:09:35,28.5,100.0,11.0,24.7457187,121.0847249
08BEAC252BA0,2026-08-05,17:14:03,28.6,100.0,8.0,24.6752335,121.0590723
08BEAC245F6A,2026-08-05,17:15:15,28.2,100.0,10.0,24.7457187,121.0847249
08BEAC252BA0,2026-08-05,17:19:43,28.6,100.0,8.0,24.6752335,121.0590723
08BEAC252BA0,2026-08-05,17:25:22,28.6,100.0,8.0,24.6752335,121.0590723
08BEAC245F6A,2026-08-05,17:26:36,28.0,100.0,10.0,24.7457187,121.0847249
08BEAC252BA0,2026-08-05,17:31:03,28.5,100.0,8.0,24.6752335,121.0590723
08BEAC245F6A,2026-08-05,17:32:17,28.1,100.0,10.0,24.7457187,121.0847249
08BEAC252BA0,2026-08-05,17:36:44,28.3,100.0,7.0,24.6752335,121.0590723
08BEAC245F6A,2026-08-05,17:37:58,28.2,100.0,10.0,24.7457187,121.0847249
08BEAC252BA0,2026-08-05,17:42:24,28.3,100.0,8.0,24.6752335,121.0590723
08BEAC245F6A,2026-08-05,17:43:38,28.3,100.0,10.0,24.7457187,121.0847249
08BEAC252BA0,2026-08-05,17:48:04,28.3,100.0,8.0,24.6752335,121.0590723
08BEAC245F6A,2026-08-05,17:49:18,28.3,100.0,10.0,24.7457187,121.0847249
08BEAC252BA0,2026-08-05,17:53:44,28.5,100.0,8.0,24.6752335,121.0590723
08BEAC245F6A,2026-08-05,17:54:58,28.5,100.0,10.0,24.7457187,121.0847249
08BEAC252BA0,2026-08-05,17:59:24,28.5,100.0,8.0,24.6752335,121.0590723
08BEAC245F6A,2026-08-05,18:00:38,28.5,100.0,11.0,24.7457187,121.0847249
08BEAC252BA0,2026-08-05,18:06:03,28.5,100.0,8.0,24.6752335,121.0590723
08BEAC245F6A,2026-08-05,18:07:19,28.7,100.0,11.0,24.7457187,121.0847249
08BEAC252BA0,2026-08-05,18:11:43,28.5,100.0,8.0,24.6752335,121.0590723
08BEAC245F6A,2026-08-05,18:12:59,28.7,100.0,11.0,24.7457187,121.0847249
08BEAC252BA0,2026-08-05,18:17:24,28.3,100.0,7.0,24.6752335,121.0590723
08BEAC245F6A,2026-08-05,18:18:40,28.2,100.0,10.0,24.7457187,121.0847249
08BEAC252BA0,2026-08-05,18:23:03,28.3,100.0,8.0,24.6752335,121.0590723
08BEAC245F6A,2026-08-05,18:24:20,28.2,100.0,10.0,24.7457187,121.0847249
08BEAC252BA0,2026-08-05,18:28:43,28.3,100.0,7.0,24.6752335,121.0590723
08BEAC245F6A,2026-08-05,18:29:59,28.2,100.0,10.0,24.7457187,121.0847249
08BEAC252BA0,2026-08-05,18:34:24,28.3,100.0,8.0,24.6752335,121.0590723
08BEAC245F6A,2026-08-05,18:35:40,28.2,100.0,10.0,24.7457187,121.0847249
08BEAC252BA0,2026-08-05,18:40:04,28.5,100.0,8.0,24.6752335,121.0590723
08BEAC245F6A,2026-08-05,18:41:21,28.1,100.0,10.0,24.7457187,121.0847249
08BEAC252BA0,2026-08-05,18:45:44,28.3,100.0,8.0,24.6752335,121.0590723
08BEAC245F6A,2026-08-05,18:47:01,28.1,100.0,10.0,24.7457187,121.0847249
08BEAC252BA0,2026-08-05,18:51:25,28.3,100.0,8.0,24.6752335,121.0590723
08BEAC245F6A,2026-08-05,18:52:41,28.1,100.0,10.0,24.7457187,121.0847249
08BEAC252BA0,2026-08-05,18:57:05,28.3,100.0,8.0,24.6752335,121.0590723
08BEAC245F6A,2026-08-05,18:58:21,28.3,100.0,10.0,24.7457187,121.0847249
08BEAC252BA0,2026-08-05,19:02:46,28.3,100.0,8.0,24.6752335,121.0590723
08BEAC245F6A,2026-08-05,19:04:01,28.3,100.0,10.0,24.7457187,121.0847249
08BEAC252BA0,2026-08-05,19:08:26,28.3,100.0,8.0,24.6752335,121.0590723
08BEAC245F6A,2026-08-05,19:09:40,28.2,100.0,10.0,24.7457187,121.0847249
08BEAC252BA0,2026-08-05,19:14:05,28.3,100.0,8.0,24.6752335,121.0590723
08BEAC245F6A,2026-08-05,19:15:20,28.1,100.0,10.0,24.7457187,121.0847249
08BEAC252BA0,2026-08-05,19:19:46,28.3,100.0,8.0,24.6752335,121.0590723
08BEAC245F6A,2026-08-05,19:21:00,28.1,100.0,10.0,24.7457187,121.0847249
08BEAC252BA0,2026-08-05,19:25:27,28.3,100.0,7.0,24.6752335,121.0590723
08BEAC245F6A,2026-08-05,19:26:40,28.1,100.0,10.0,24.7457187,121.0847249
08BEAC252BA0,2026-08-05,19:31:06,28.3,100.0,8.0,24.6752335,121.0590723
08BEAC245F6A,2026-08-05,19:32:20,28.1,100.0,10.0,24.7457187,121.0847249
08BEAC252BA0,2026-08-05,19:36:46,28.3,100.0,8.0,24.6752335,121.0590723
08BEAC245F6A,2026-08-05,19:38:00,28.1,100.0,10.0,24.7457187,121.0847249
08BEAC252BA0,2026-08-05,19:42:27,28.1,100.0,8.0,24.6752335,121.0590723
08BEAC245F6A,2026-08-05,19:43:39,28.1,100.0,10.0,24.7457187,121.0847249
08BEAC252BA0,2026-08-05,19:48:08,28.2,100.0,8.0,24.6752335,121.0590723
08BEAC245F6A,2026-08-05,19:49:20,28.1,100.0,10.0,24.7457187,121.0847249
08BEAC252BA0,2026-08-05,19:53:47,28.3,100.0,8.0,24.6752335,121.0590723
08BEAC245F6A,2026-08-05,19:55:01,28.1,100.0,9.0,24.7457187,121.0847249
08BEAC252BA0,2026-08-05,19:59:27,28.3,100.0,8.0,24.6752335,121.0590723
08BEAC245F6A,2026-08-05,20:00:42,28.1,100.0,9.0,24.7457187,121.0847249
08BEAC252BA0,2026-08-05,20:05:06,28.3,100.0,8.0,24.6752335,121.0590723
08BEAC245F6A,2026-08-05,20:06:22,28.2,100.0,10.0,24.7457187,121.0847249
08BEAC252BA0,2026-08-05,20:10:46,28.2,100.0,8.0,24.6752335,121.0590723
08BEAC245F6A,2026-08-05,20:12:02,28.3,100.0,11.0,24.7457187,121.0847249
08BEAC252BA0,2026-08-05,20:16:26,28.3,100.0,8.0,24.6752335,121.0590723
08BEAC245F6A,2026-08-05,20:17:43,28.3,100.0,12.0,24.7457187,121.0847249
08BEAC252BA0,2026-08-05,20:22:05,28.3,100.0,8.0,24.6752335,121.0590723
08BEAC245F6A,2026-08-05,20:23:23,28.2,100.0,12.0,24.7457187,121.0847249
08BEAC252BA0,2026-08-05,20:27:45,28.3,100.0,8.0,24.6752335,121.0590723
08BEAC245F6A,2026-08-05,20:29:03,27.8,100.0,12.0,24.7457187,121.0847249
08BEAC252BA0,2026-08-05,20:33:25,28.3,100.0,7.0,24.6752335,121.0590723
08BEAC245F6A,2026-08-05,20:34:44,27.8,100.0,11.0,24.7457187,121.0847249
08BEAC252BA0,2026-08-05,20:39:05,28.2,100.0,8.0,24.6752335,121.0590723
08BEAC245F6A,2026-08-05,20:40:25,27.8,100.0,11.0,24.7457187,121.0847249
08BEAC252BA0,2026-08-05,20:44:45,28.2,100.0,8.0,24.6752335,121.0590723
08BEAC245F6A,2026-08-05,20:46:05,28.0,100.0,11.0,24.7457187,121.0847249
08BEAC252BA0,2026-08-05,20:50:25,28.2,100.0,8.0,24.6752335,121.0590723
08BEAC245F6A,2026-08-05,20:51:45,28.0,100.0,11.0,24.7457187,121.0847249
08BEAC252BA0,2026-08-05,20:56:05,28.2,100.0,8.0,24.6752335,121.0590723
08BEAC245F6A,2026-08-05,20:57:26,28.1,100.0,11.0,24.7457187,121.0847249
08BEAC252BA0,2026-08-05,21:01:45,28.2,100.0,7.0,24.6752335,121.0590723
08BEAC245F6A,2026-08-05,21:03:05,28.2,100.0,11.0,24.7457187,121.0847249
08BEAC252BA0,2026-08-05,21:07:26,28.1,100.0,8.0,24.6752335,121.0590723
08BEAC245F6A,2026-08-05,21:08:46,28.3,100.0,11.0,24.7457187,121.0847249
08BEAC252BA0,2026-08-05,21:13:05,28.1,100.0,8.0,24.6752335,121.0590723
08BEAC245F6A,2026-08-05,21:14:28,28.2,100.0,11.0,24.7457187,121.0847249
08BEAC252BA0,2026-08-05,21:18:45,28.1,100.0,7.0,24.6752335,121.0590723
08BEAC245F6A,2026-08-05,21:20:10,28.2,100.0,10.0,24.7457187,121.0847249
08BEAC252BA0,2026-08-05,21:24:25,28.1,100.0,7.0,24.6752335,121.0590723
08BEAC245F6A,2026-08-05,21:25:50,28.1,100.0,10.0,24.7457187,121.0847249
08BEAC252BA0,2026-08-05,21:30:05,28.1,100.0,8.0,24.6752335,121.0590723
08BEAC245F6A,2026-08-05,21:31:31,28.1,100.0,10.0,24.7457187,121.0847249
08BEAC245F6A,2026-08-05,21:37:12,28.1,100.0,10.0,24.7457187,121.0847249
08BEAC252BA0,2026-08-05,21:40:57,28.1,100.0,8.0,24.6752335,121.0590723
08BEAC245F6A,2026-08-05,21:42:51,28.1,100.0,10.0,24.7457187,121.0847249
08BEAC252BA0,2026-08-05,21:46:37,28.2,100.0,8.0,24.6752335,121.0590723
08BEAC245F6A,2026-08-05,21:48:31,28.1,100.0,10.0,24.7457187,121.0847249
08BEAC252BA0,2026-08-05,21:52:19,28.1,100.0,8.0,24.6752335,121.0590723
08BEAC245F6A,2026-08-05,21:54:11,27.8,100.0,10.0,24.7457187,121.0847249
08BEAC252BA0,2026-08-05,21:57:59,28.2,100.0,8.0,24.6752335,121.0590723
08BEAC245F6A,2026-08-05,21:59:52,27.8,100.0,10.0,24.7457187,121.0847249
08BEAC252BA0,2026-08-05,22:03:40,28.2,100.0,8.0,24.6752335,121.0590723
08BEAC245F6A,2026-08-05,22:05:32,28.1,100.0,10.0,24.7457187,121.0847249
08BEAC252BA0,2026-08-05,22:09:20,28.3,100.0,8.0,24.6752335,121.0590723
08BEAC245F6A,2026-08-05,22:11:12,28.1,100.0,10.0,24.7457187,121.0847249
08BEAC252BA0,2026-08-05,22:15:00,28.3,100.0,8.0,24.6752335,121.0590723
08BEAC245F6A,2026-08-05,22:16:52,28.1,100.0,11.0,24.7457187,121.0847249
08BEAC252BA0,2026-08-05,22:20:40,28.3,100.0,8.0,24.6752335,121.0590723
08BEAC245F6A,2026-08-05,22:22:32,28.2,100.0,11.0,24.7457187,121.0847249
08BEAC252BA0,2026-08-05,22:26:21,28.3,100.0,8.0,24.6752335,121.0590723
08BEAC245F6A,2026-08-05,22:28:12,28.1,100.0,11.0,24.7457187,121.0847249
08BEAC252BA0,2026-08-05,22:32:01,28.3,100.0,8.0,24.6752335,121.0590723
08BEAC245F6A,2026-08-05,22:33:53,28.0,100.0,11.0,24.7457187,121.0847249
08BEAC252BA0,2026-08-05,22:37:41,28.5,100.0,8.0,24.6752335,121.0590723
08BEAC245F6A,2026-08-05,22:39:33,28.1,100.0,10.0,24.7457187,121.0847249
08BEAC252BA0,2026-08-05,22:43:22,28.5,100.0,8.0,24.6752335,121.0590723
08BEAC245F6A,2026-08-05,22:45:13,28.1,100.0,11.0,24.7457187,121.0847249
08BEAC252BA0,2026-08-05,22:49:01,28.6,100.0,8.0,24.6752335,121.0590723
08BEAC245F6A,2026-08-05,22:50:54,28.2,100.0,11.0,24.7457187,121.0847249
08BEAC252BA0,2026-08-05,22:54:41,28.7,100.0,8.0,24.6752335,121.0590723
08BEAC245F6A,2026-08-05,22:56:35,28.5,100.0,11.0,24.7457187,121.0847249
08BEAC252BA0,2026-08-05,23:00:22,28.8,100.0,8.0,24.6752335,121.0590723
08BEAC245F6A,2026-08-05,23:02:15,28.6,100.0,10.0,24.7457187,121.0847249
08BEAC252BA0,2026-08-05,23:06:04,29.0,100.0,8.0,24.6752335,121.0590723
08BEAC245F6A,2026-08-05,23:07:56,28.7,100.0,10.0,24.7457187,121.0847249
08BEAC252BA0,2026-08-05,23:11:44,29.1,100.0,8.0,24.6752335,121.0590723
08BEAC245F6A,2026-08-05,23:13:36,29.0,100.0,10.0,24.7457187,121.0847249
08BEAC252BA0,2026-08-05,23:17:24,29.1,100.0,8.0,24.6752335,121.0590723
08BEAC245F6A,2026-08-05,23:19:16,29.2,100.0,11.0,24.7457187,121.0847249
08BEAC252BA0,2026-08-05,23:23:04,29.2,100.0,8.0,24.6752335,121.0590723
08BEAC245F6A,2026-08-05,23:24:56,29.3,100.0,10.0,24.7457187,121.0847249
08BEAC252BA0,2026-08-05,23:28:43,29.3,100.0,8.0,24.6752335,121.0590723
08BEAC245F6A,2026-08-05,23:30:37,29.5,100.0,10.0,24.7457187,121.0847249
08BEAC252BA0,2026-08-05,23:34:24,29.3,100.0,9.0,24.6752335,121.0590723
08BEAC245F6A,2026-08-05,23:36:17,29.8,100.0,10.0,24.7457187,121.0847249
08BEAC252BA0,2026-08-05,23:40:04,29.3,100.0,9.0,24.6752335,121.0590723
08BEAC245F6A,2026-08-05,23:41:57,30.2,100.0,10.0,24.7457187,121.0847249
08BEAC252BA0,2026-08-05,23:45:43,29.5,100.0,8.0,24.6752335,121.0590723
08BEAC245F6A,2026-08-05,23:47:37,30.5,100.0,10.0,24.7457187,121.0847249
08BEAC252BA0,2026-08-05,23:51:23,29.6,100.0,9.0,24.6752335,121.0590723
08BEAC245F6A,2026-08-05,23:53:17,30.6,100.0,10.0,24.7457187,121.0847249
